W,L,yearID,nameGiven,NameLast,teamID
116,36,1906,Frank Leroy,Chance,CHN
116,46,2001,Louis Victor,Piniella,SEA
114,48,1998,Joseph Paul,Torre,NYA
111,43,1954,Alfonso Ramon,Lopez,CLE
110,42,1909,Fred Clifford,Clarke,PIT
110,44,1927,Miller James,Huggins,NYA
109,53,1961,Ralph George,Houk,NYA
109,53,1969,Earl Sidney,Weaver,BAL
108,54,1970,Earl Sidney,Weaver,BAL
108,54,1975,George Lee,Anderson,CIN
108,54,1986,David Allen,Johnson,NYN
107,45,1907,Frank Leroy,Chance,CHN
107,45,1931,Cornelius Alexander,Mack,PHA
107,47,1932,Joseph Vincent,McCarthy,NYA
106,45,1939,Joseph Vincent,McCarthy,NYA
106,47,1904,John Joseph,McGraw,NY1
106,48,1942,William Harold,Southworth,SLN
106,56,1998,Robert Joe,Cox,ATL
105,47,1912,Garland,Stahl,BOS
105,48,1905,John Joseph,McGraw,NY1
105,49,1943,William Harold,Southworth,SLN
105,49,1944,William Harold,Southworth,SLN
105,49,1953,Charles Walter,Dressen,BRO
105,57,2004,Anthony,LaRussa,SLN
104,46,1929,Cornelius Alexander,Mack,PHA
104,49,1909,Frank Leroy,Chance,CHN
104,50,1910,Frank Leroy,Chance,CHN
104,50,1942,Leo Ernest,Durocher,BRO
104,50,1946,Joseph Edward,Cronin,BOS
104,57,1963,Ralph George,Houk,NYA
104,58,1984,George Lee,Anderson,DET
104,58,1988,Anthony,LaRussa,OAK
104,58,1993,Robert Joe,Cox,ATL
103,48,1912,John Joseph,McGraw,NY1
103,51,1942,Joseph Vincent,McCarthy,NYA
103,51,1954,Charles Dillon,Stengel,NYA
103,58,2002,Joseph Paul,Torre,NYA
103,58,2016,Joseph John,Maddon,CHN
103,59,1968,Edward Mayo,Smith,DET
103,59,1980,Richard Dalton,Howser,NYA
103,59,1990,Anthony,LaRussa,OAK
103,59,1993,Johnnie B.,Baker,SFN
103,59,1999,Robert Joe,Cox,ATL
103,59,2002,Arthur Henry,Howe,OAK
103,59,2009,Joseph Elliott,Girardi,NYA
103,62,1962,Alvin Ralph,Dark,SFN
102,47,1898,Frank Gibson,Selee,BSN
102,48,1892,Frank Gibson,Selee,BSN
102,48,1910,Cornelius Alexander,Mack,PHA
102,51,1936,Joseph Vincent,McCarthy,NYA
102,52,1930,Cornelius Alexander,Mack,PHA
102,52,1937,Joseph Vincent,McCarthy,NYA
102,57,1979,Earl Sidney,Weaver,BAL
102,60,1965,Sabath Anthony,Mele,MIN
102,60,1970,George Lee,Anderson,CIN
102,60,1974,Walter Emmons,Alston,LAN
102,60,1976,George Lee,Anderson,CIN
102,60,1977,Dorrel Norman Elvert,Herzog,KCA
102,60,1998,Lawrence Edward,Dierker,HOU
102,60,2001,Arthur Henry,Howe,OAK
102,60,2011,Charles Fuqua,Manuel,PHI
102,63,1962,Walter Emmons,Alston,LAN
101,50,1911,Cornelius Alexander,Mack,PHA
101,50,1915,William Francis,Carrigan,BOS
101,51,1913,John Joseph,McGraw,NY1
101,53,1928,Miller James,Huggins,NYA
101,53,1931,Charles Evard,Street,SLN
101,53,1934,Gordon Stanley,Cochrane,DET
101,53,1941,Joseph Vincent,McCarthy,NYA
101,57,1971,Earl Sidney,Weaver,BAL
101,59,2002,Robert Joe,Cox,ATL
101,60,1967,Albert Fred,Schoendienst,SLN
101,60,1971,Richard Hirschfeld,Williams,OAK
101,61,1961,Robert Boden,Scheffing,DET
101,61,1976,Daniel Leonard,Ozark,PHI
101,61,1977,Daniel Leonard,Ozark,PHI
101,61,1985,Dorrel Norman Elvert,Herzog,SLN
101,61,1997,Robert Joe,Cox,ATL
101,61,2003,Robert Joe,Cox,ATL
101,61,2003,Joseph Paul,Torre,NYA
101,61,2004,Joseph Paul,Torre,NYA
100,53,1940,William Boyd,McKechnie,CIN
100,54,1915,Hugh Ambrose,Jennings,DET
100,54,1917,Clarence Henry,Rowland,CHA
100,54,1935,Charles John,Grimm,CHN
100,54,1941,Leo Ernest,Durocher,BRO
100,60,1988,David Allen,Johnson,NYN
100,61,2003,Felipe Rojas,Alou,SFN
100,62,1969,Gilbert Raymond,Hodges,NYN
100,62,1977,Alfred Manuel,Martin,NYA
100,62,1980,Earl Sidney,Weaver,BAL
100,62,1999,William Nathaniel,Showalter,ARI
100,62,2005,Anthony,LaRussa,SLN
100,62,2008,Michael Lorri,Scioscia,LAA
100,62,2015,Michael Scott,Matheny,SLN
99,52,1953,Charles Dillon,Stengel,NYA
99,53,1914,Cornelius Alexander,Mack,PHA
99,53,1933,Joseph Edward,Cronin,WS1
99,53,1938,Joseph Vincent,McCarthy,NYA
99,54,1911,John Joseph,McGraw,NY1
99,55,1908,Frank Leroy,Chance,CHN
99,62,1985,Robert Joe,Cox,TOR
99,62,1996,Dudley Michael,Hargrove,CLE
99,63,1963,Walter Emmons,Alston,LAN
99,63,1964,Lawrence Peter,Berra,NYA
99,63,1973,George Lee,Anderson,CIN
99,63,1983,Anthony,LaRussa,CHA
99,63,1989,Anthony,LaRussa,OAK
99,63,2002,Michael Lorri,Scioscia,ANA
99,63,2005,Oswaldo Jose,Guillen,CHA
99,64,1978,Donald William,Zimmer,BOS
98,54,1909,Hugh Ambrose,Jennings,DET
98,54,1923,Miller James,Huggins,NYA
98,54,1929,Joseph Vincent,McCarthy,CHN
98,55,1921,Miller James,Huggins,NYA
98,55,1928,Cornelius Alexander,Mack,PHA
98,55,1955,Walter Emmons,Alston,BRO
98,56,1908,John Joseph,McGraw,NY1
98,56,1908,Fred Clifford,Clarke,PIT
98,56,1917,John Joseph,McGraw,NY1
98,56,1920,Tristram E.,Speaker,CLE
98,56,1943,Joseph Vincent,McCarthy,NYA
98,56,1945,Charles John,Grimm,CHN
98,56,1950,Charles Dillon,Stengel,NYA
98,56,1951,Charles Dillon,Stengel,NYA
98,56,1957,Charles Dillon,Stengel,NYA
98,58,1946,Edwin Hawley,Dyer,SLN
98,59,1951,Leo Ernest,Durocher,NY1
98,64,1962,Frederick Charles,Hutchinson,CIN
98,64,1964,Alfonso Ramon,Lopez,CHA
98,64,1970,William Joseph,Rigney,MIN
98,64,1974,George Lee,Anderson,CIN
98,64,1975,Alvin Ralph,Dark,OAK
98,64,1977,Thomas Charles,Lasorda,LAN
98,64,1979,Charles William,Tanner,PIT
98,64,1983,Joseph Salvatore,Altobelli,BAL
98,64,1985,David Allen,Johnson,NYN
98,64,1987,George Lee,Anderson,DET
98,64,1991,James Richard,Leyland,PIT
98,64,1992,Robert Joe,Cox,ATL
98,64,1997,David Allen,Johnson,BAL
98,64,1998,Bruce Douglas,Bochy,SDN
98,64,1999,Joseph Paul,Torre,NYA
98,64,2002,Robert Earl,Brenly,ARI
98,64,2004,Terry Jon,Francona,BOS
98,64,2012,David Allen,Johnson,WAS
98,64,2014,Michael Lorri,Scioscia,LAA
98,64,2015,Clinton Merrick,Hurdle,PIT
97,56,1941,William Harold,Southworth,SLN
97,57,1939,William Boyd,McKechnie,CIN
97,57,1947,Stanley Raymond,Harris,NYA
97,57,1949,Burton Edwin,Shotton,BRO
97,57,1949,Charles Dillon,Stengel,NYA
97,57,1954,Leo Ernest,Durocher,NY1
97,57,1956,Charles Dillon,Stengel,NYA
97,57,1960,Charles Dillon,Stengel,NYA
97,58,1948,Louis,Boudreau,CLE
97,60,1951,Charles Walter,Dressen,BRO
97,62,1976,Alfred Manuel,Martin,NYA
97,63,1966,Henry Albert,Bauer,BAL
97,64,1977,Earl Sidney,Weaver,BAL
97,64,1977,Donald William,Zimmer,BOS
97,64,2008,Louis Victor,Piniella,CHN
97,65,1964,Henry Albert,Bauer,BAL
97,65,1965,Walter Emmons,Alston,LAN
97,65,1968,Albert Fred,Schoendienst,SLN
97,65,1969,Alfred Manuel,Martin,MIN
97,65,1971,Daniel Edward,Murtaugh,PIT
97,65,1973,Earl Sidney,Weaver,BAL
97,65,1980,James Gottfried,Frey,KCA
97,65,1993,James Louis,Fregosi,PHI
97,65,1999,Dudley Michael,Hargrove,CLE
97,65,2000,Johnnie B.,Baker,SFN
97,65,2002,Anthony,LaRussa,SLN
97,65,2006,Joseph Paul,Torre,NYA
97,65,2006,Willie Larry,Randolph,NYN
97,65,2008,Joseph John,Maddon,TBA
97,65,2009,Michael Lorri,Scioscia,LAA
97,65,2010,Charles Fuqua,Manuel,PHI
97,65,2011,Joseph Elliott,Girardi,NYA
97,65,2012,Johnnie B.,Baker,CIN
97,65,2013,John Edward,Farrell,BOS
97,65,2013,Michael Scott,Matheny,SLN
97,66,1999,Robert John,Valentine,NYN
97,95,2015,Joseph John,Maddon,CHN
96,53,1898,Edward Hugh,Hanlon,BLN
96,55,1925,Stanley Raymond,Harris,WS1
96,56,1906,John Joseph,McGraw,NY1
96,57,1905,Fred Clifford,Clarke,PIT
96,57,1913,Cornelius Alexander,Mack,PHA
96,57,1952,Charles Walter,Dressen,BRO
96,58,1920,William J.,Gleason,CHA
96,58,1935,Frank Francis,Frisch,SLN
96,58,1949,Joseph Vincent,McCarthy,BOS
96,58,1949,Edwin Hawley,Dyer,SLN
96,58,1955,Charles Dillon,Stengel,NYA
96,59,1948,Joseph Vincent,McCarthy,BOS
96,59,1972,William Charles,Virdon,PIT
96,60,1946,Leo Ernest,Durocher,BRO
96,65,1984,James Gottfried,Frey,CHN
96,66,1962,Ralph George,Houk,NYA
96,66,1977,Charles William,Tanner,PIT
96,66,1986,Harold Clifton,Lanier,HOU
96,66,1987,James Francis,Williams,TOR
96,66,1992,Anthony,LaRussa,OAK
96,66,1992,James Richard,Leyland,PIT
96,66,1992,Clarence Edwin,Gaston,TOR
96,66,1996,Robert Joe,Cox,ATL
96,66,1997,Joseph Paul,Torre,NYA
96,66,2003,Kenneth Edward,Macha,OAK
96,66,2004,Robert Joe,Cox,ATL
96,66,2006,Ronald Clyde,Gardenhire,MIN
96,66,2007,Terry Jon,Francona,BOS
96,66,2007,Eric Michael,Wedge,CLE
96,66,2010,Joseph John,Maddon,TBA
96,66,2011,Ronald Jon,Roenicke,MIL
96,66,2011,Ronald,Washington,TEX
96,66,2013,Fredi Jesus,Gonzalez,ATL
96,66,2013,Robert Paul,Melvin,OAK
96,66,2014,William Nathaniel,Showalter,BAL
96,66,2014,Matthew Derrick,Williams,WAS
96,67,1999,John Aloysius,McKeon,CIN
95,57,1899,Frank Gibson,Selee,BSN
95,57,1937,William Harold,Terry,NY1
95,58,1909,Cornelius Alexander,Mack,PHA
95,58,1923,John Joseph,McGraw,NY1
95,58,1925,William Boyd,McKechnie,PIT
95,58,1934,Frank Francis,Frisch,SLN
95,59,1892,John Montgomery,Ward,BRO
95,59,1904,James Joseph,Collins,BOS
95,59,1920,Miller James,Huggins,NYA
95,59,1928,William Boyd,McKechnie,SLN
95,59,1945,William Harold,Southworth,SLN
95,59,1950,Robert Abial,Rolfe,DET
95,59,1952,Charles Dillon,Stengel,NYA
95,59,1957,Fred Girard,Haney,ML1
95,59,1960,Daniel Edward,Murtaugh,PIT
95,59,1972,George Lee,Anderson,CIN
95,65,1975,Darrell Dean,Johnson,BOS
95,65,1979,Richard Hirschfeld,Williams,MON
95,65,2001,Joseph Paul,Torre,NYA
95,66,1973,Walter Emmons,Alston,LAN
95,66,1979,George Irvin,Bamberger,ML4
95,66,1986,John Francis,McNamara,BOS
95,66,2002,Johnnie B.,Baker,SFN
95,67,1965,Alfonso Ramon,Lopez,CHA
95,67,1965,Herman Louis,Franks,SFN
95,67,1966,Walter Emmons,Alston,LAN
95,67,1978,Thomas Charles,Lasorda,LAN
95,67,1985,Thomas Charles,Lasorda,LAN
95,67,1987,Dorrel Norman Elvert,Herzog,SLN
95,67,1990,James Richard,Leyland,PIT
95,67,1991,Jay Thomas,Kelly,MIN
95,67,1993,Clarence Edwin,Gaston,TOR
95,67,1999,Johnny Lane,Oates,TEX
95,67,2000,Robert Joe,Cox,ATL
95,67,2000,Jerry,Manuel,CHA
95,67,2000,Anthony,LaRussa,SLN
95,67,2003,William Grady,Little,BOS
95,67,2005,Terry Jon,Francona,BOS
95,67,2005,Michael Lorri,Scioscia,LAA
95,67,2005,Joseph Paul,Torre,NYA
95,67,2006,James Richard,Leyland,DET
95,67,2008,Terry Jon,Francona,BOS
95,67,2009,Terry Jon,Francona,BOS
95,67,2009,Joseph Paul,Torre,LAN
95,67,2010,Joseph Elliott,Girardi,NYA
95,67,2011,James Richard,Leyland,DET
95,67,2012,Joseph Elliott,Girardi,NYA
95,67,2015,Edgar Frederick,Yost,KCA
95,67,2016,Jeffery Todd,Banister,TEX
95,67,2016,Johnnie B.,Baker,WAS
94,58,1899,William Joseph,Shettsline,PHI
94,59,1914,George Tweedy,Stallings,BSN
94,59,1921,John Joseph,McGraw,NY1
94,59,1931,Joseph Vincent,McCarthy,NYA
94,60,1916,Wilbert,Robinson,BRO
94,60,1921,Tristram E.,Speaker,CLE
94,60,1922,Miller James,Huggins,NYA
94,60,1927,Owen Joseph,Bush,PIT
94,60,1930,Walter Perry,Johnson,WS1
94,60,1932,Cornelius Alexander,Mack,PHA
94,60,1934,Joseph Vincent,McCarthy,NYA
94,60,1948,Stanley Raymond,Harris,NYA
94,60,1959,Alfonso Ramon,Lopez,CHA
94,67,1988,Thomas Charles,Lasorda,LAN
94,67,2002,Ronald Clyde,Gardenhire,MIN
94,67,2016,Terry Jon,Francona,CLE
94,68,1963,Alfonso Ramon,Lopez,CHA
94,68,1965,Henry Albert,Bauer,BAL
94,68,1973,Richard Hirschfeld,Williams,OAK
94,68,1982,Earl Sidney,Weaver,BAL
94,68,1990,Jeffrey Allen,Torborg,CHA
94,68,1991,Robert Joe,Cox,ATL
94,68,1993,Gene William,Lamont,CHA
94,68,1993,Felipe Rojas,Alou,MON
94,68,1999,James Francis,Williams,BOS
94,68,2000,Robert John,Valentine,NYN
94,68,2007,Michael Lorri,Scioscia,LAA
94,68,2007,Joseph Paul,Torre,NYA
94,68,2010,Ronald Clyde,Gardenhire,MIN
94,68,2011,Kirk Harold,Gibson,ARI
94,68,2012,Fredi Jesus,Gonzalez,ATL
94,68,2012,Robert Paul,Melvin,OAK
94,68,2012,Bruce Douglas,Bochy,SFN
94,68,2013,Clinton Merrick,Hurdle,PIT
94,68,2014,Donald Arthur,Mattingly,LAN
93,56,1892,Oliver Wendell,Tebeau,CL4
93,58,1906,Fielder Allison,Jones,CHA
93,58,1912,Fred Clifford,Clarke,PIT
93,58,1935,Gordon Stanley,Cochrane,DET
93,59,1942,Joseph Edward,Cronin,BOS
93,60,1904,Frank Gibson,Selee,CHN
93,60,1906,Fred Clifford,Clarke,PIT
93,60,1934,William Harold,Terry,NY1
93,61,1915,Clarence Henry,Rowland,CHA
93,61,1920,Wilbert,Robinson,BRO
93,61,1922,John Joseph,McGraw,NY1
93,61,1922,Leo Alexander,Fohl,SLA
93,61,1928,John Joseph,McGraw,NY1
93,61,1932,Walter Perry,Johnson,WS1
93,61,1937,Charles John,Grimm,CHN
93,61,1951,Alfonso Ramon,Lopez,CLE
93,61,1952,Alfonso Ramon,Lopez,CLE
93,61,1955,Alfonso Ramon,Lopez,CLE
93,61,1956,Walter Emmons,Alston,BRO
93,61,1961,Frederick Charles,Hutchinson,CIN
93,62,1972,Richard Hirschfeld,Williams,OAK
93,68,1962,Daniel Edward,Murtaugh,PIT
93,68,1966,Herman Louis,Franks,SFN
93,69,1963,John Joseph,Keane,SLN
93,69,1964,John Joseph,Keane,SLN
93,69,1969,Chalmer Luman,Harris,ATL
93,69,1970,Ralph George,Houk,NYA
93,69,1978,George Irvin,Bamberger,ML4
93,69,1982,Gene William,Mauch,CAL
93,69,1989,Donald William,Zimmer,CHN
93,69,1991,Thomas Charles,Lasorda,LAN
93,69,2001,Lawrence Edward,Dierker,HOU
93,69,2001,Anthony,LaRussa,SLN
93,69,2002,William Grady,Little,BOS
93,69,2002,Louis Victor,Piniella,SEA
93,69,2003,Robert Paul,Melvin,SEA
93,69,2004,James Edwin,Tracy,LAN
93,69,2005,Eric Michael,Wedge,CLE
93,69,2006,Kenneth Edward,Macha,OAK
93,69,2009,Charles Fuqua,Manuel,PHI
93,69,2012,William Nathaniel,Showalter,BAL
93,69,2012,Ronald,Washington,TEX
93,69,2013,James Richard,Leyland,DET
93,69,2015,John Michael,Gibbons,TOR
93,69,2016,John Edward,Farrell,BOS
93,70,1980,William Charles,Virdon,HOU
92,56,1905,Cornelius Alexander,Mack,PHA
92,58,1907,Hugh Ambrose,Jennings,DET
92,59,1904,Clark Calvin,Griffith,NYA
92,60,1898,William,Ewing,CIN
92,60,1905,Fielder Allison,Jones,CHA
92,60,1947,Burton Edwin,Shotton,BRO
92,61,1909,John Joseph,McGraw,NY1
92,61,1927,Robert Arthur,O'Farrell,SLN
92,61,1939,Francis Raymond,Blades,SLN
92,62,1911,Frank Leroy,Chance,CHN
92,62,1924,Wilbert,Robinson,BRO
92,62,1924,Stanley Raymond,Harris,WS1
92,62,1930,Charles Evard,Street,SLN
92,62,1931,Walter Perry,Johnson,WS1
92,62,1936,William Harold,Terry,NY1
92,62,1946,Stephen Francis,O'Neill,DET
92,62,1950,Louis,Boudreau,CLE
92,62,1952,Leo Ernest,Durocher,NY1
92,62,1953,Alfonso Ramon,Lopez,CLE
92,62,1953,Charles John,Grimm,ML1
92,62,1954,Walter Emmons,Alston,BRO
92,62,1958,Fred Girard,Haney,ML1
92,62,1958,Charles Dillon,Stengel,NYA
92,69,1975,Daniel Edward,Murtaugh,PIT
92,69,1978,George Lee,Anderson,CIN
92,70,1964,Gene William,Mauch,PHI
92,70,1966,Harry William,Walker,PIT
92,70,1967,Richard Hirschfeld,Williams,BOS
92,70,1969,Leo Ernest,Durocher,CHN
92,70,1976,Daniel Edward,Murtaugh,PIT
92,70,1978,Dorrel Norman Elvert,Herzog,KCA
92,70,1982,Dorrel Norman Elvert,Herzog,SLN
92,70,1983,George Lee,Anderson,DET
92,70,1984,Richard Hirschfeld,Williams,SDN
92,70,1986,Gene William,Mauch,CAL
92,70,1987,David Allen,Johnson,NYN
92,70,1989,John David,Wathan,KCA
92,70,1989,Roger Lee,Craig,SFN
92,70,1992,Philip Mason,Garner,ML4
92,70,1996,Joseph Paul,Torre,NYA
92,70,1997,James Richard,Leyland,FLO
92,70,1998,James Francis,Williams,BOS
92,70,2001,Robert Earl,Brenly,ARI
92,70,2002,James Edwin,Tracy,LAN
92,70,2004,Michael Lorri,Scioscia,ANA
92,70,2004,Ronald Clyde,Gardenhire,MIN
92,70,2008,Charles Fuqua,Manuel,PHI
92,70,2010,Bruce Douglas,Bochy,SFN
92,70,2013,Terry Jon,Francona,CLE
92,70,2013,Donald Arthur,Mattingly,LAN
92,70,2015,Donald Arthur,Mattingly,LAN
92,71,1980,Thomas Charles,Lasorda,LAN
92,71,2013,Joseph John,Maddon,TBA
91,59,1912,Frank Leroy,Chance,CHN
91,59,1933,Joseph Vincent,McCarthy,NYA
91,61,1912,Clark Calvin,Griffith,WS1
91,61,1933,William Harold,Terry,NY1
91,62,1914,William Francis,Carrigan,BOS
91,62,1916,Patrick Joseph,Moran,PHI
91,62,1935,William Harold,Terry,NY1
91,62,1948,William Harold,Southworth,BSN
91,63,1907,Fred Clifford,Clarke,PIT
91,63,1910,John Joseph,McGraw,NY1
91,63,1916,William Francis,Carrigan,BOS
91,63,1923,Patrick Joseph,Moran,CIN
91,63,1926,Miller James,Huggins,NYA
91,63,1927,Cornelius Alexander,Mack,PHA
91,63,1928,Joseph Vincent,McCarthy,CHN
91,63,1950,Edwin Milby,Sawyer,PHI
91,63,1955,Martin Whiteford,Marion,CHA
91,63,1956,George Robert,Tebbetts,CIN
91,69,1979,Donald William,Zimmer,BOS
91,70,1963,Sabath Anthony,Mele,MIN
91,70,2000,Arthur Henry,Howe,OAK
91,71,1962,Sabath Anthony,Mele,MIN
91,71,1967,Edward Mayo,Smith,DET
91,71,1967,Herman Louis,Franks,SFN
91,71,1971,Alfred Manuel,Martin,DET
91,71,1974,Earl Sidney,Weaver,BAL
91,71,1980,George Dallas,Green,PHI
91,71,1983,Thomas Charles,Lasorda,LAN
91,71,1983,Alfred Manuel,Martin,NYA
91,71,1985,Richard Dalton,Howser,KCA
91,71,1987,Thomas Lynn,Trebelhorn,ML4
91,71,1987,Robert Leroy,Rodgers,MON
91,71,1988,Jay Thomas,Kelly,MIN
91,71,1989,Douglas Lee,Rader,CAL
91,71,1990,Louis Victor,Piniella,CIN
91,71,1996,Bruce Douglas,Bochy,SDN
91,71,2000,Louis Victor,Piniella,SEA
91,71,2001,Charles Fuqua,Manuel,CLE
91,71,2004,Kenneth Edward,Macha,OAK
91,71,2004,Felipe Rojas,Alou,SFN
91,71,2009,Anthony,LaRussa,SLN
91,71,2010,Robert Joe,Cox,ATL
91,71,2010,Johnnie B.,Baker,CIN
91,71,2011,Joseph John,Maddon,TBA
91,71,2016,David Ray,Roberts,LAN
91,72,2013,Ronald,Washington,TEX
90,61,1906,Clark Calvin,Griffith,NYA
90,62,1912,Cornelius Alexander,Mack,PHA
90,62,1915,Patrick Joseph,Moran,PHI
90,62,1917,John Joseph,Barry,BOS
90,63,1908,Hugh Ambrose,Jennings,DET
90,63,1921,George C.,Gibson,PIT
90,63,1924,William Boyd,McKechnie,PIT
90,63,1944,Frank Francis,Frisch,PIT
90,64,1908,Napoleon,Lajoie,CLE
90,64,1913,Clark Calvin,Griffith,WS1
90,64,1940,Delmer David,Baker,DET
90,64,1957,Alfonso Ramon,Lopez,CHA
90,68,1976,Walter Emmons,Alston,LAN
90,69,1975,Earl Sidney,Weaver,BAL
90,71,1978,Earl Sidney,Weaver,BAL
90,71,1979,John Francis,McNamara,CIN
90,72,1964,Alvin Ralph,Dark,SFN
90,72,1965,Harry William,Walker,PIT
90,72,1969,Edward Mayo,Smith,DET
90,72,1969,Clyde Edward,King,SFN
90,72,1971,Charles Francis,Fox,SFN
90,72,1971,Albert Fred,Schoendienst,SLN
90,72,1974,Alvin Ralph,Dark,OAK
90,72,1976,Dorrel Norman Elvert,Herzog,KCA
90,72,1977,Robert Granville,Lemon,CHA
90,72,1978,Daniel Leonard,Ozark,PHI
90,72,1980,Richard Hirschfeld,Williams,MON
90,72,1982,Richard Dalton,Howser,KCA
90,72,1984,David Allen,Johnson,NYN
90,72,1985,Gene William,Mauch,CAL
90,72,1986,Louis Victor,Piniella,NYA
90,72,1987,Roger Lee,Craig,SFN
90,72,1992,Louis Victor,Piniella,CIN
90,72,1992,Jay Thomas,Kelly,MIN
90,72,1996,Johnny Lane,Oates,TEX
90,72,1997,Louis Victor,Piniella,SEA
90,72,1997,Johnnie B.,Baker,SFN
90,72,2000,Charles Fuqua,Manuel,CLE
90,72,2001,Johnnie B.,Baker,SFN
90,72,2003,Ronald Clyde,Gardenhire,MIN
90,72,2005,Robert Joe,Cox,ATL
90,72,2006,Oswaldo Jose,Guillen,CHA
90,72,2007,Robert Paul,Melvin,ARI
90,72,2010,Harry Ralston,Black,SDN
90,72,2010,Ronald,Washington,TEX
90,72,2011,Terry Jon,Francona,BOS
90,72,2011,Anthony,LaRussa,SLN
90,72,2012,Joseph John,Maddon,TBA
90,72,2013,Johnnie B.,Baker,CIN
90,72,2014,Bradley David,Ausmus,DET
90,72,2014,Michael Scott,Matheny,SLN
90,72,2015,Terry Lee,Collins,NYN
90,73,1998,James David,Riggleman,CHN
90,73,2007,Clinton Merrick,Hurdle,COL
89,62,1939,Joseph Edward,Cronin,BOS
89,63,1916,George Tweedy,Stallings,BSN
89,63,1924,Miller James,Huggins,NYA
89,64,1906,Napoleon,Lajoie,CLE
89,65,1911,Hugh Ambrose,Jennings,DET
89,65,1916,Clarence Henry,Rowland,CHA
89,65,1926,Rogers,Hornsby,SLN
89,65,1940,Oscar Joseph,Vitt,CLE
89,65,1944,William Boyd,McKechnie,CIN
89,65,1944,James Luther,Sewell,SLA
89,65,1947,Edwin Hawley,Dyer,SLN
89,65,1949,Louis,Boudreau,CLE
89,65,1950,Burton Edwin,Shotton,BRO
89,65,1953,Paul Rapier,Richards,CHA
89,65,1954,Charles John,Grimm,ML1
89,65,1959,Joseph Lowell,Gordon,CLE
89,65,1960,Paul Rapier,Richards,BAL
89,65,1961,Walter Emmons,Alston,LAN
89,72,1985,Peter Edward,Rose,CIN
89,73,1965,Richard Allan,Sisler,CIN
89,73,1966,Sabath Anthony,Mele,MIN
89,73,1967,Edward Raymond,Stanky,CHA
89,73,1969,James David,Bristol,CIN
89,73,1970,John Francis,McNamara,OAK
89,73,1970,Daniel Edward,Murtaugh,PIT
89,73,1971,Walter Emmons,Alston,LAN
89,73,1974,William Charles,Virdon,NYA
89,73,1978,Joseph Salvatore,Altobelli,SFN
89,73,1979,William Charles,Virdon,HOU
89,73,1980,John Francis,McNamara,CIN
89,73,1982,Joseph Paul,Torre,ATL
89,73,1982,Ralph George,Houk,BOS
89,73,1982,Patrick,Corrales,PHI
89,73,1983,Robert Joe,Cox,TOR
89,73,1984,Robert Joe,Cox,TOR
89,73,1987,Louis Victor,Piniella,NYA
89,73,1989,John Aloysius,McKeon,SDN
89,73,1992,Johnny Lane,Oates,BAL
89,73,1998,Dudley Michael,Hargrove,CLE
89,73,2004,Johnnie B.,Baker,CHN
89,73,2004,William Nathaniel,Showalter,TEX
89,73,2005,Philip Mason,Garner,HOU
89,73,2006,Michael Lorri,Scioscia,LAA
89,73,2007,Charles Fuqua,Manuel,PHI
89,73,2008,Joseph Elliott,Girardi,NYA
89,73,2010,Terry Jon,Francona,BOS
89,73,2011,Fredi Jesus,Gonzalez,ATL
89,73,2012,Michael Lorri,Scioscia,LAA
89,73,2014,Edgar Frederick,Yost,KCA
89,73,2016,William Nathaniel,Showalter,BAL
89,73,2016,John Michael,Gibbons,TOR
89,74,1998,Johnnie B.,Baker,SFN
89,74,2007,Harry Ralston,Black,SDN
89,74,2008,Oswaldo Jose,Guillen,CHA
88,63,1909,Frederick Lovett,Lake,BOS
88,63,1913,Charles Sebastian,Dooin,PHI
88,64,1908,Fielder Allison,Jones,CHA
88,64,1925,Cornelius Alexander,Mack,PHA
88,65,1904,Joseph James,Kelley,CIN
88,65,1913,John Joseph,Evers,CHN
88,65,1914,William Corcoran,Phillips,IND
88,65,1940,Leo Ernest,Durocher,BRO
88,65,1945,Stephen Francis,O'Neill,DET
88,66,1917,Leo Alexander,Fohl,CLE
88,66,1926,Tristram E.,Speaker,CLE
88,66,1940,Joseph Vincent,McCarthy,NYA
88,66,1941,William Boyd,McKechnie,CIN
88,66,1944,Stephen Francis,O'Neill,DET
88,66,1952,Edward Raymond,Stanky,SLN
88,66,1956,Alfonso Ramon,Lopez,CLE
88,66,1960,Charles Walter,Dressen,ML1
88,68,1959,Walter Emmons,Alston,LAN
88,73,1973,Edward Michael,Kasko,BOS
88,73,1978,Charles William,Tanner,PIT
88,74,1963,Alvin Ralph,Dark,SFN
88,74,1964,Robert Randall,Bragan,ML1
88,74,1968,Herman Louis,Franks,SFN
88,74,1973,John Aloysius,McKeon,KCA
88,74,1973,Charles Francis,Fox,SFN
88,74,1974,Daniel Edward,Murtaugh,PIT
88,74,1975,Walter Emmons,Alston,LAN
88,74,1976,Earl Sidney,Weaver,BAL
88,74,1977,George Lee,Anderson,CIN
88,74,1979,James Louis,Fregosi,CAL
88,74,1982,Thomas Charles,Lasorda,LAN
88,74,1983,Joseph Paul,Torre,ATL
88,74,1988,George Lee,Anderson,DET
88,74,1990,Joseph Michael,Morgan,BOS
88,74,1993,William Nathaniel,Showalter,NYA
88,74,1996,David Allen,Johnson,BAL
88,74,1996,Felipe Rojas,Alou,MON
88,74,1996,Anthony,LaRussa,SLN
88,74,1997,William Ellis,Russell,LAN
88,74,1997,Robert John,Valentine,NYN
88,74,1998,Robert John,Valentine,NYN
88,74,1998,Johnny Lane,Oates,TEX
88,74,1998,Timothy Evald,Johnson,TOR
88,74,2001,Robert Joe,Cox,ATL
88,74,2001,Don Edward,Baylor,CHN
88,74,2003,Johnnie B.,Baker,CHN
88,74,2005,Kenneth Edward,Macha,OAK
88,74,2005,Charles Fuqua,Manuel,PHI
88,74,2006,William Grady,Little,LAN
88,74,2006,Bruce Douglas,Bochy,SDN
88,74,2007,James Richard,Leyland,DET
88,74,2007,Willie Larry,Randolph,NYN
88,74,2009,Bruce Douglas,Bochy,SFN
88,74,2010,Oswaldo Jose,Guillen,CHA
88,74,2012,James Richard,Leyland,DET
88,74,2012,Michael Scott,Matheny,SLN
88,74,2014,Robert Paul,Melvin,OAK
88,74,2014,Clinton Merrick,Hurdle,PIT
88,74,2014,Bruce Douglas,Bochy,SFN
88,74,2015,Jeffery Todd,Banister,TEX
88,75,2008,Ronald Clyde,Gardenhire,MIN
87,64,1907,Fielder Allison,Jones,CHA
87,65,1917,Patrick Joseph,Moran,PHI
87,65,1931,John Joseph,McGraw,NY1
87,65,1932,Roger Thorpe,Peckinpaugh,CLE
87,66,1892,William Henry,Wright,PHI
87,66,1904,Fred Clifford,Clarke,PIT
87,66,1921,Wesley Branch,Rickey,SLN
87,67,1914,Joseph Bert,Tinker,CHF
87,67,1915,Fielder Allison,Jones,SLF
87,67,1916,Hugh Ambrose,Jennings,DET
87,67,1923,William Boyd,McKechnie,PIT
87,67,1926,John Charles,Hendricks,CIN
87,67,1930,John Joseph,McGraw,NY1
87,67,1933,George C.,Gibson,PIT
87,67,1936,Charles John,Grimm,CHN
87,67,1936,Frank Francis,Frisch,SLN
87,67,1939,Oscar Joseph,Vitt,CLE
87,67,1943,William Boyd,McKechnie,CIN
87,67,1945,Leo Ernest,Durocher,BRO
87,67,1945,Oswald Louis,Bluege,WS1
87,67,1949,Robert Abial,Rolfe,DET
87,67,1951,Stephen Francis,O'Neill,BOS
87,67,1957,Frederick Charles,Hutchinson,SLN
87,67,1960,Alfonso Ramon,Lopez,CHA
87,67,1972,Charles William,Tanner,CHA
87,74,1967,Leo Ernest,Durocher,CHN
87,74,1970,Walter Emmons,Alston,LAN
87,74,1976,Charles William,Tanner,OAK
87,74,2000,Joseph Paul,Torre,NYA
87,75,1963,Gene William,Mauch,PHI
87,75,1965,George Robert,Tebbetts,CLE
87,75,1966,Gene William,Mauch,PHI
87,75,1967,James David,Bristol,CIN
87,75,1969,Albert Fred,Schoendienst,SLN
87,75,1970,Edward Michael,Kasko,BOS
87,75,1982,Anthony,LaRussa,CHA
87,75,1982,Frank,Robinson,SFN
87,75,1983,Harvey Edward,Kuenn,ML4
87,75,1984,Lawrence Peter,Berra,NYA
87,75,1986,George Lee,Anderson,DET
87,75,1986,Robert John,Valentine,TEX
87,75,1988,Thomas Lynn,Trebelhorn,ML4
87,75,1988,James Francis,Williams,TOR
87,75,1989,Frank,Robinson,BAL
87,75,1989,David Allen,Johnson,NYN
87,75,1991,Jeffrey Allen,Torborg,CHA
87,75,1993,Joseph Paul,Torre,SLN
87,75,1999,Arthur Henry,Howe,OAK
87,75,2003,James Francis,Williams,HOU
87,75,2004,Bruce Douglas,Bochy,SDN
87,75,2006,John Michael,Gibbons,TOR
87,75,2009,Fredi Jesus,Gonzalez,FLO
87,75,2009,Ronald,Washington,TEX
87,75,2014,Lloyd Glenn,McClendon,SEA
87,75,2015,Joseph Elliott,Girardi,NYA
87,75,2016,Terry Lee,Collins,NYN
87,75,2016,Bruce Douglas,Bochy,SFN
87,76,2009,Ronald Clyde,Gardenhire,MIN
86,62,1899,John Joseph,McGraw,BLN
86,64,1930,Joseph Vincent,McCarthy,CHN
86,64,1938,Harold Joseph,Traynor,PIT
86,65,1904,William Reginald,Armour,CLE
86,65,1934,Charles John,Grimm,CHN
86,66,1913,Joseph Leo,Birmingham,CLE
86,66,1915,Joseph Bert,Tinker,CHF
86,66,1916,John Joseph,McGraw,NY1
86,66,1938,Oscar Joseph,Vitt,CLE
86,67,1910,Fred Clifford,Clarke,PIT
86,67,1915,Ennis Telfair,Oakes,PTF
86,67,1935,Harold Joseph,Traynor,PIT
86,68,1910,Hugh Ambrose,Jennings,DET
86,68,1920,John Joseph,McGraw,NY1
86,68,1922,Patrick Joseph,Moran,CIN
86,68,1924,Tyrus Raymond,Cobb,DET
86,68,1930,Wilbert,Robinson,BRO
86,68,1930,James Robert,Shawkey,NYA
86,68,1932,George C.,Gibson,PIT
86,68,1933,Charles John,Grimm,CHN
86,68,1937,James Joseph,Dykes,CHA
86,68,1937,Harold Joseph,Traynor,PIT
86,68,1947,William Harold,Southworth,BSN
86,68,1950,Leo Ernest,Durocher,NY1
86,68,1960,Solomon Joseph,Hemus,SLN
86,70,1959,Fred Girard,Haney,ML1
86,70,1972,Alfred Manuel,Martin,DET
86,75,1968,Alvin Ralph,Dark,CLE
86,75,1974,Albert Fred,Schoendienst,SLN
86,75,1978,Gordon William,Hunter,TEX
86,75,1986,John Frederick,Felske,PHI
86,75,1997,Dudley Michael,Hargrove,CLE
86,75,2008,Cecil Celester,Cooper,HOU
86,75,2016,Bradley David,Ausmus,DET
86,76,1961,Alfonso Ramon,Lopez,CHA
86,76,1962,William Joseph,Rigney,LAA
86,76,1962,George Robert,Tebbetts,ML1
86,76,1963,William Clyde,Hitchcock,BAL
86,76,1963,Frederick Charles,Hutchinson,CIN
86,76,1965,Robert Randall,Bragan,ML1
86,76,1968,Richard Hirschfeld,Williams,BOS
86,76,1969,Theodore Samuel,Williams,WS2
86,76,1970,Harold Ross,Phillips,CAL
86,76,1975,Daniel Leonard,Ozark,PHI
86,76,1976,Joseph Filmore,Frazier,NYN
86,76,1978,Ralph George,Houk,DET
86,76,1979,Kenton Lloyd,Boyer,SLN
86,76,1982,William James,Fanning,MON
86,76,1984,Ralph George,Houk,BOS
86,76,1986,Peter Edward,Rose,CIN
86,76,1986,James Francis,Williams,TOR
86,76,1989,Arthur Henry,Howe,HOU
86,76,1989,Dorrel Norman Elvert,Herzog,SLN
86,76,1990,Thomas Charles,Lasorda,LAN
86,76,1990,Clarence Edwin,Gaston,TOR
86,76,1992,Gene William,Lamont,CHA
86,76,1993,Kevin Curtis,Kennedy,TEX
86,76,1999,Johnnie B.,Baker,SFN
86,76,2000,David Allen,Johnson,LAN
86,76,2001,James Edwin,Tracy,LAN
86,76,2001,Lawrence Robert,Bowa,PHI
86,76,2003,Jerry,Manuel,CHA
86,76,2003,Lawrence Robert,Bowa,PHI
86,76,2003,Carlos,Tosca,TOR
86,76,2006,Terry Jon,Francona,BOS
86,76,2008,Anthony,LaRussa,SLN
86,76,2009,Robert Joe,Cox,ATL
86,76,2010,Anthony,LaRussa,SLN
86,76,2011,Michael Lorri,Scioscia,LAA
86,76,2011,Bruce Douglas,Bochy,SFN
86,76,2012,Donald Arthur,Mattingly,LAN
86,76,2013,Edgar Frederick,Yost,KCA
86,76,2013,David Allen,Johnson,WAS
86,76,2015,Andrew Jay,Hinch,HOU
86,76,2016,Scott Daniel,Servais,SEA
86,76,2016,Michael Scott,Matheny,SLN
86,77,2009,James Richard,Leyland,DET
85,65,1898,Thomas Everett,Burns,CHN
85,67,1907,Napoleon,Lajoie,CLE
85,67,1928,Owen Joseph,Bush,PIT
85,67,1942,Melvin Thomas,Ott,NY1
85,68,1915,Clark Calvin,Griffith,WS1
85,68,1927,Joseph Vincent,McCarthy,CHN
85,69,1911,Fred Clifford,Clarke,PIT
85,69,1922,Wesley Branch,Rickey,SLN
85,69,1927,Stanley Raymond,Harris,WS1
85,69,1934,Walter Perry,Johnson,CLE
85,69,1939,James Joseph,Dykes,CHA
85,69,1947,Stephen Francis,O'Neill,DET
85,69,1948,Edwin Hawley,Dyer,SLN
85,69,1955,Charles John,Grimm,ML1
85,69,1956,Martin Whiteford,Marion,CHA
85,69,1961,Alvin Ralph,Dark,SFN
85,70,1972,Edward Michael,Kasko,BOS
85,70,1972,Walter Emmons,Alston,LAN
85,75,1988,James Richard,Leyland,PIT
85,75,2004,Lawrence Robert,Bowa,PHI
85,76,1962,Robert Boden,Scheffing,DET
85,76,1965,Gene William,Mauch,PHI
85,76,1971,Robert Granville,Lemon,KCA
85,76,1996,Louis Victor,Piniella,SEA
85,77,1962,Alfonso Ramon,Lopez,CHA
85,77,1964,Charles Walter,Dressen,DET
85,77,1969,Walter Emmons,Alston,LAN
85,77,1971,Edward Michael,Kasko,BOS
85,77,1976,Gene William,Mauch,MIN
85,77,1979,Dorrel Norman Elvert,Herzog,KCA
85,77,1983,Robert Perry,Lillis,HOU
85,77,1984,Joseph Salvatore,Altobelli,BAL
85,77,1985,Anthony,LaRussa,CHA
85,77,1987,Jay Thomas,Kelly,MIN
85,77,1990,Robert Leroy,Rodgers,MON
85,77,1990,Roger Lee,Craig,SFN
85,77,1991,Robert John,Valentine,TEX
85,77,1993,Johnny Lane,Oates,BAL
85,77,1993,George Lee,Anderson,DET
85,77,1993,Arthur Henry,Howe,HOU
85,77,1996,Kevin Curtis,Kennedy,BOS
85,77,1996,Terry Paul,Bevington,CHA
85,77,1998,Terry Lee,Collins,ANA
85,77,2000,William Nathaniel,Showalter,ARI
85,77,2000,James Francis,Williams,BOS
85,77,2000,John Aloysius,McKeon,CIN
85,77,2001,Jay Thomas,Kelly,MIN
85,77,2003,James Edwin,Tracy,LAN
85,77,2003,Anthony,LaRussa,SLN
85,77,2006,Charles Fuqua,Manuel,PHI
85,77,2007,Louis Victor,Piniella,CHN
85,77,2009,Wilbur Donald,Wakamatsu,SEA
85,77,2010,Clarence Edwin,Gaston,TOR
85,77,2012,Robin Mark,Ventura,CHA
85,77,2013,William Nathaniel,Showalter,BAL
85,77,2013,Joseph Elliott,Girardi,NYA
85,77,2014,Terry Jon,Francona,CLE
85,77,2015,Michael Lorri,Scioscia,LAA
84,67,1899,Oliver Wendell,Tebeau,SLN
84,67,1929,John Joseph,McGraw,NY1
84,69,1926,William Boyd,McKechnie,PIT
84,69,1939,Leo Ernest,Durocher,BRO
84,69,1943,Oswald Louis,Bluege,WS1
84,69,1953,Louis,Boudreau,BOS
84,70,1914,Franz Otto,Knabe,BLF
84,70,1914,John Joseph,McGraw,NY1
84,70,1931,Rogers,Hornsby,CHN
84,70,1936,Harold Joseph,Traynor,PIT
84,70,1939,Charles Leo,Hartnett,CHN
84,70,1941,Joseph Edward,Cronin,BOS
84,70,1948,Cornelius Alexander,Mack,PHA
84,70,1955,Michael Franklin,Higgins,BOS
84,70,1956,Michael Franklin,Higgins,BOS
84,70,1957,Walter Emmons,Alston,BRO
84,70,1958,Daniel Edward,Murtaugh,PIT
84,73,1969,Lawrence William,Shepard,PIT
84,76,1974,Alfred Manuel,Martin,TEX
84,77,1967,William Joseph,Rigney,CAL
84,77,1977,Gene William,Mauch,MIN
84,77,1985,George Lee,Anderson,DET
84,77,1985,Robert Leroy,Rodgers,MON
84,77,1988,John David,Wathan,KCA
84,77,2008,Fredi Jesus,Gonzalez,FLO
84,78,1962,John Joseph,Keane,SLN
84,78,1963,Robert Randall,Bragan,ML1
84,78,1968,Leo Ernest,Durocher,CHN
84,78,1970,Leo Ernest,Durocher,CHN
84,78,1974,Darrell Dean,Johnson,BOS
84,78,1978,Roger Lee,Craig,SDN
84,78,1980,George Lee,Anderson,DET
84,78,1982,Charles William,Tanner,PIT
84,78,1983,Charles William,Tanner,PIT
84,78,1984,Richard Dalton,Howser,KCA
84,78,1984,Dorrel Norman Elvert,Herzog,SLN
84,78,1986,Patrick,Corrales,CLE
84,78,1987,Peter Edward,Rose,CIN
84,78,1991,Joseph Michael,Morgan,BOS
84,78,1991,George Lee,Anderson,DET
84,78,1991,Anthony,LaRussa,OAK
84,78,1991,Gregory Lee,Riddoch,SDN
84,78,1991,Joseph Paul,Torre,SLN
84,78,1993,James Kenneth,Lefebvre,CHN
84,78,1993,Harold Abraham,McRae,KCA
84,78,1997,Terry Lee,Collins,ANA
84,78,1997,Lawrence Edward,Dierker,HOU
84,78,1999,James Louis,Fregosi,TOR
84,78,2002,James Francis,Williams,HOU
84,78,2003,Robert Earl,Brenly,ARI
84,78,2007,Robert Joe,Cox,ATL
84,78,2008,Joseph Paul,Torre,LAN
84,78,2009,Joseph John,Maddon,TBA
84,78,2014,Joseph Elliott,Girardi,NYA
84,78,2015,Bruce Douglas,Bochy,SFN
84,78,2016,Andrew Jay,Hinch,HOU
84,78,2016,Joseph Elliott,Girardi,NYA
83,67,1899,William,Ewing,CIN
83,67,1938,William Harold,Terry,NY1
83,69,1905,Hugh,Duffy,PHI
83,69,1908,James Robert,McAleer,SLA
83,69,1915,George Tweedy,Stallings,BSN
83,70,1924,John Charles,Hendricks,CIN
83,71,1908,William Jeremiah,Murray,PHI
83,71,1923,William,Killefer,CHN
83,71,1923,Tyrus Raymond,Cobb,DET
83,71,1933,William Boyd,McKechnie,BSN
83,71,1937,Stephen Francis,O'Neill,CLE
83,71,1944,Joseph Vincent,McCarthy,NYA
83,71,1947,Joseph Edward,Cronin,BOS
83,71,1948,William Adam,Meyer,PIT
83,71,1950,William Harold,Southworth,BSN
83,71,1953,Stephen Francis,O'Neill,PHI
83,71,1953,Edward Raymond,Stanky,SLN
83,71,1959,William Joseph,Rigney,SFN
83,73,1972,Lawrence Peter,Berra,NYN
83,78,2006,Anthony,LaRussa,SLN
83,78,2009,Louis Victor,Piniella,CHN
83,79,1966,Edward Raymond,Stanky,CHA
83,79,1966,Albert Fred,Schoendienst,SLN
83,79,1968,James David,Bristol,CIN
83,79,1968,Ralph George,Houk,NYA
83,79,1970,Gilbert Raymond,Hodges,NYN
83,79,1971,Leo Ernest,Durocher,CHN
83,79,1971,Gilbert Raymond,Hodges,NYN
83,79,1977,Vernon Fred,Rapp,SLN
83,79,1979,Patrick,Corrales,TEX
83,79,1980,Alfred Manuel,Martin,OAK
83,79,1980,Charles William,Tanner,PIT
83,79,1982,George Lee,Anderson,DET
83,79,1985,Robert Perry,Lillis,HOU
83,79,1985,Richard Hirschfeld,Williams,SDN
83,79,1986,Roger Lee,Craig,SFN
83,79,1988,Roger Lee,Craig,SFN
83,79,1989,Joseph Michael,Morgan,BOS
83,79,1989,Robert John,Valentine,TEX
83,79,1990,Robert John,Valentine,TEX
83,79,1991,Thomas Lynn,Trebelhorn,ML4
83,79,1991,James Kenneth,Lefebvre,SEA
83,79,1992,Joseph Paul,Torre,SLN
83,79,1996,Don Edward,Baylor,COL
83,79,1997,Don Edward,Baylor,COL
83,79,1998,Anthony,LaRussa,SLN
83,79,2000,James Louis,Fregosi,TOR
83,79,2001,Jerry,Manuel,CHA
83,79,2002,Frank,Robinson,MON
83,79,2003,Antonio Francesco,Pena,KCA
83,79,2003,Frank,Robinson,MON
83,79,2004,Oswaldo Jose,Guillen,CHA
83,79,2004,John Aloysius,McKeon,FLO
83,79,2005,John Aloysius,McKeon,FLO
83,79,2005,Ronald Clyde,Gardenhire,MIN
83,79,2005,Willie Larry,Randolph,NYN
83,79,2007,Edgar Frederick,Yost,MIL
83,79,2007,John Michael,Gibbons,TOR
83,79,2010,James Edwin,Tracy,COL
83,79,2012,Ronald Jon,Roenicke,MIL
83,79,2014,John Michael,Gibbons,TOR
83,79,2015,Paul Leo,Molitor,MIN
83,79,2015,Matthew Derrick,Williams,WAS
82,68,1892,Charles Albert,Comiskey,CIN
82,68,1938,William Boyd,McKechnie,CIN
82,69,1942,James Luther,Sewell,SLA
82,70,1917,Miller James,Huggins,SLN
82,71,1907,John Joseph,McGraw,NY1
82,71,1920,Patrick Joseph,Moran,CIN
82,71,1923,Tristram E.,Speaker,CLE
82,71,1925,George Harold,Sisler,SLA
82,71,1927,George Joseph,Moriarty,DET
82,71,1936,Stanley Raymond,Harris,WS1
82,71,1943,Louis,Boudreau,CLE
82,71,1946,Charles John,Grimm,CHN
82,71,1969,Richard Hirschfeld,Williams,BOS
82,72,1926,Joseph Vincent,McCarthy,CHN
82,72,1928,Daniel Philip,Howley,SLA
82,72,1940,Joseph Edward,Cronin,BOS
82,72,1940,James Joseph,Dykes,CHA
82,72,1943,James Joseph,Dykes,CHA
82,72,1945,Frank Francis,Frisch,PIT
82,72,1956,Stanley Raymond,Harris,DET
82,72,1957,Michael Franklin,Higgins,BOS
82,72,1958,Alfonso Ramon,Lopez,CHA
82,72,1960,Walter Emmons,Alston,LAN
82,73,1980,Donald William,Zimmer,BOS
82,79,1973,Lawrence Peter,Berra,NYN
82,79,2011,Donald Arthur,Mattingly,LAN
82,80,1963,Robert Daniel,Kennedy,CHN
82,80,1964,William Joseph,Rigney,LAA
82,80,1967,Gene William,Mauch,PHI
82,80,1968,Robert Daniel,Kennedy,OAK
82,80,1971,Chalmer Luman,Harris,ATL
82,80,1971,Ralph George,Houk,NYA
82,80,1973,Leo Ernest,Durocher,HOU
82,80,1974,Francis Ralph,Quilici,MIN
82,80,1975,Albert Fred,Schoendienst,SLN
82,80,1979,Gene William,Mauch,MIN
82,80,1983,William Charles,Virdon,MON
82,80,1988,Harold Clifton,Lanier,HOU
82,80,1993,Louis Victor,Piniella,SEA
82,80,1996,Terry Lee,Collins,HOU
82,80,2000,Michael Lorri,Scioscia,ANA
82,80,2000,David Gus,Bell,COL
82,80,2001,Robert John,Valentine,NYN
82,80,2005,Bruce Douglas,Bochy,SDN
82,80,2006,Philip Mason,Garner,HOU
82,80,2007,William Grady,Little,LAN
82,80,2008,Robert Paul,Melvin,ARI
82,80,2014,Ronald Jon,Roenicke,MIL
81,68,1898,Oliver Wendell,Tebeau,CL4
81,69,1926,Stanley Raymond,Harris,WS1
81,70,1904,Cornelius Alexander,Mack,PHA
81,70,1936,James Joseph,Dykes,CHA
81,70,1945,James Luther,Sewell,SLA
81,71,1929,Roger Thorpe,Peckinpaugh,CLE
81,71,1945,Joseph Vincent,McCarthy,NYA
81,72,1910,Patrick Joseph,Donovan,BOS
81,72,1914,Miller James,Huggins,SLN
81,72,1915,George Thomas,Stovall,KCF
81,72,1924,William,Killefer,CHN
81,72,1926,Edward Trowbridge,Collins,CHA
81,72,1943,Leo Ernest,Durocher,BRO
81,72,1946,William Harold,Southworth,BSN
81,73,1914,Clark Calvin,Griffith,WS1
81,73,1921,Leo Alexander,Fohl,SLA
81,73,1925,Tyrus Raymond,Cobb,DET
81,73,1930,Roger Thorpe,Peckinpaugh,CLE
81,73,1932,Max George,Carey,BRO
81,73,1937,Frank Francis,Frisch,SLN
81,73,1939,Delmer David,Baker,DET
81,73,1941,Frank Francis,Frisch,PIT
81,73,1947,Melvin Thomas,Ott,NY1
81,73,1949,Cornelius Alexander,Mack,PHA
81,73,1949,Edwin Milby,Sawyer,PHI
81,73,1951,Paul Rapier,Richards,CHA
81,73,1951,Martin Whiteford,Marion,SLN
81,73,1952,Paul Rapier,Richards,CHA
81,78,1976,Frank,Robinson,CLE
81,80,1962,Gene William,Mauch,PHI
81,80,1980,Robert Joe,Cox,ATL
81,80,2015,Terry Jon,Francona,CLE
81,81,1968,Chalmer Luman,Harris,ATL
81,81,1969,Harry William,Walker,HOU
81,81,1973,Francis Ralph,Quilici,MIN
81,81,1973,Albert Fred,Schoendienst,SLN
81,81,1974,Preston,Gomez,HOU
81,81,1977,Herman Louis,Franks,CHN
81,81,1977,William Charles,Virdon,HOU
81,81,1982,Richard Hirschfeld,Williams,SDN
81,81,1983,Richard Hirschfeld,Williams,SDN
81,81,1984,John Francis,McNamara,CAL
81,81,1984,William Frederick,Gardner,MIN
81,81,1984,Paul Francis,Owens,PHI
81,81,1985,John Francis,McNamara,BOS
81,81,1987,Anthony,LaRussa,OAK
81,81,1988,Robert Leroy,Rodgers,MON
81,81,1989,Thomas Lynn,Trebelhorn,ML4
81,81,1989,Robert Leroy,Rodgers,MON
81,81,1992,Arthur Henry,Howe,HOU
81,81,1993,Thomas Charles,Lasorda,LAN
81,81,1996,Charles Ray,Knight,CIN
81,81,2002,Jerry,Manuel,CHA
81,81,2005,Edgar Frederick,Yost,MIL
81,81,2005,Frank,Robinson,WAS
81,81,2008,Eric Michael,Wedge,CLE
81,81,2010,James Richard,Leyland,DET
81,81,2010,Robert Peter,Geren,OAK
81,81,2011,John Edward,Farrell,TOR
81,81,2012,Kirk Harold,Gibson,ARI
81,81,2012,Charles Fuqua,Manuel,PHI
81,81,2013,Kirk Harold,Gibson,ARI
81,81,2015,William Nathaniel,Showalter,BAL
81,81,2016,Edgar Frederick,Yost,KCA
80,71,1914,Harry Fenton,Schlafly,BUF
80,72,1915,Wilbert,Robinson,BRO
80,72,1937,Joseph Edward,Cronin,BOS
80,73,1914,Hugh Ambrose,Jennings,DET
80,73,1921,George Florian,McBride,WS1
80,73,1925,John Charles,Hendricks,CIN
80,74,1916,William Edward,Donovan,NYA
80,74,1922,William,Killefer,CHN
80,74,1930,Jewel Winklemeyer,Ens,PIT
80,74,1936,Stephen Francis,O'Neill,CLE
80,74,1943,Frank Francis,Frisch,PIT
80,74,1947,Louis,Boudreau,CLE
80,74,1955,Leo Ernest,Durocher,NY1
80,74,1957,George Robert,Tebbetts,CIN
80,74,1958,William Joseph,Rigney,SFN
80,74,1972,Earl Sidney,Weaver,BAL
80,80,1974,Charles William,Tanner,CHA
80,81,1965,Albert Fred,Schoendienst,SLN
80,81,1969,Ralph George,Houk,NYA
80,81,1975,Wesley Noreen,Westrum,SFN
80,81,1997,Terry Paul,Bevington,CHA
80,81,2002,Lawrence Robert,Bowa,PHI
80,82,1964,Walter Emmons,Alston,LAN
80,82,1964,Daniel Edward,Murtaugh,PIT
80,82,1966,William Joseph,Rigney,CAL
80,82,1968,Lawrence William,Shepard,PIT
80,82,1973,Ralph George,Houk,NYA
80,82,1974,Daniel Leonard,Ozark,PHI
80,82,1976,William Charles,Virdon,HOU
80,82,1984,Joseph Paul,Torre,ATL
80,82,1984,Robert Perry,Lillis,HOU
80,82,1987,James Richard,Leyland,PIT
80,82,1989,Jay Thomas,Kelly,MIN
80,82,1990,Douglas Lee,Rader,CAL
80,82,1993,Clell Lavern,Hobson,BOS
80,82,1996,Philip Mason,Garner,ML4
80,82,1998,Jerry,Manuel,CHA
80,82,2001,John Albert,Martinez,TOR
80,82,2004,Eric Michael,Wedge,CLE
80,82,2005,John Michael,Gibbons,TOR
80,82,2006,Jerry Austin,Narron,CIN
80,82,2006,William Nathaniel,Showalter,TEX
80,82,2009,Kenneth Edward,Macha,MIL
80,82,2010,Michael Lorri,Scioscia,LAA
80,82,2010,Joseph Paul,Torre,LAN
80,82,2011,Manuel Elias,Acta,CLE
80,82,2015,Kevin Forrest,Cash,TBA
79,72,1933,Cornelius Alexander,Mack,PHA
79,73,1911,Charles Sebastian,Dooin,PHI
79,73,1929,Daniel Philip,Howley,SLA
79,73,1931,Wilbert,Robinson,BRO
79,73,1937,William Boyd,McKechnie,BSN
79,74,1905,Joseph James,Kelley,CIN
79,74,1905,William Reginald,Armour,DET
79,74,1921,Frederick Francis,Mitchell,BSN
79,74,1923,Wesley Branch,Rickey,SLN
79,75,1916,Fielder Allison,Jones,SLA
79,75,1920,George C.,Gibson,PIT
79,75,1922,Tyrus Raymond,Cobb,DET
79,75,1925,Edward Trowbridge,Collins,CHA
79,75,1926,Tyrus Raymond,Cobb,DET
79,75,1952,James Joseph,Dykes,PHA
79,75,1955,Stanley Raymond,Harris,DET
79,75,1958,Michael Franklin,Higgins,BOS
79,75,1959,Charles Dillon,Stengel,NYA
79,76,1972,Ralph George,Houk,NYA
79,80,1975,Frank,Robinson,CLE
79,81,1980,David,Garcia,CLE
79,82,1974,Gene William,Mauch,MON
79,82,1986,Dorrel Norman Elvert,Herzog,SLN
79,82,2000,John,Boles,FLO
79,82,2016,Donald Arthur,Mattingly,MIA
79,83,1963,George Robert,Tebbetts,CLE
79,83,1964,Sabath Anthony,Mele,MIN
79,83,1968,Calvin Coolidge,Ermer,MIN
79,83,1970,Edward Mayo,Smith,DET
79,83,1970,Harry William,Walker,HOU
79,83,1971,Charles William,Tanner,CHA
79,83,1971,George Lee,Anderson,CIN
79,83,1971,Harry William,Walker,HOU
79,83,1973,Bobby Brooks,Winkles,CAL
79,83,1973,Gene William,Mauch,MON
79,83,1978,Herman Louis,Franks,CHN
79,83,1979,Thomas Charles,Lasorda,LAN
79,83,1983,Richard Dalton,Howser,KCA
79,83,1983,Frank,Robinson,SFN
79,83,1983,Dorrel Norman Elvert,Herzog,SLN
79,83,1984,Thomas Charles,Lasorda,LAN
79,83,1990,George Lee,Anderson,DET
79,83,1997,David Gus,Bell,DET
79,83,1997,Gene William,Lamont,PIT
79,83,1998,Raymond Roger,Miller,BAL
79,83,1999,Louis Victor,Piniella,SEA
79,83,2000,Philip Mason,Garner,DET
79,83,2001,Bruce Douglas,Bochy,SDN
79,83,2002,Jeffrey Allen,Torborg,FLO
79,83,2005,Johnnie B.,Baker,CHN
79,83,2005,William Nathaniel,Showalter,TEX
79,83,2006,Robert Joe,Cox,ATL
79,83,2007,Ronald Clyde,Gardenhire,MIN
79,83,2008,Ronald,Washington,TEX
79,83,2009,Oswaldo Jose,Guillen,CHA
79,83,2010,Jerry,Manuel,NYN
79,83,2011,Johnnie B.,Baker,CIN
79,83,2012,Clinton Merrick,Hurdle,PIT
79,83,2014,Fredi Jesus,Gonzalez,ATL
79,83,2014,Terry Lee,Collins,NYN
79,83,2015,Walter William,Hale,ARI
78,71,1913,Fred Clifford,Clarke,PIT
78,73,1934,William Boyd,McKechnie,BSN
78,74,1905,James Joseph,Collins,BOS
78,74,1909,William Joseph,Sullivan,CHA
78,74,1913,James Joseph,Callahan,CHA
78,74,1928,John Charles,Hendricks,CIN
78,74,1945,Melvin Thomas,Ott,NY1
78,75,1910,Charles Sebastian,Dooin,PHI
78,75,1911,Patrick Joseph,Donovan,BOS
78,75,1917,Hugh Ambrose,Jennings,DET
78,75,1935,Joseph Edward,Cronin,BOS
78,75,1950,Edwin Hawley,Dyer,SLN
78,76,1912,James Joseph,Callahan,CHA
78,76,1914,Henry M.,O'Day,CHN
78,76,1917,Christopher,Mathewson,CIN
78,76,1922,Tristram E.,Speaker,CLE
78,76,1931,Roger Thorpe,Peckinpaugh,CLE
78,76,1932,Burton Edwin,Shotton,PHI
78,76,1940,Frank Francis,Frisch,PIT
78,76,1943,Stephen Francis,O'Neill,DET
78,76,1947,Cornelius Alexander,Mack,PHA
78,76,1948,Stephen Francis,O'Neill,DET
78,76,1952,Stanley Raymond,Harris,WS1
78,76,1957,John Thomas,Tighe,DET
78,76,1959,Daniel Edward,Murtaugh,PIT
78,77,1979,Herman Louis,Franks,CHN
78,82,1962,Fred Melvin,McGaha,CLE
78,82,2011,Oswaldo Jose,Guillen,CHA
78,83,1986,Robert Leroy,Rodgers,MON
78,83,1997,Philip Mason,Garner,ML4
78,83,1999,Gene William,Lamont,PIT
78,83,2016,Clinton Merrick,Hurdle,PIT
78,84,1982,David,Garcia,CLE
78,84,1982,Robert Joe,Cox,TOR
78,84,1983,Ralph George,Houk,BOS
78,84,1987,John Francis,McNamara,BOS
78,84,1987,Richard Hirschfeld,Williams,SEA
78,84,1988,Howard Rodney,Edwards,CLE
78,84,1992,James Kenneth,Lefebvre,CHN
78,84,1996,Jay Thomas,Kelly,MIN
78,84,1996,Arthur Henry,Howe,OAK
78,84,1997,James Francis,Williams,BOS
78,84,1997,Felipe Rojas,Alou,MON
78,84,1999,Raymond Roger,Miller,BAL
78,84,2002,Robert Raymond,Boone,CIN
78,84,2004,Lee Louis,Mazzilli,BAL
78,84,2006,Eric Michael,Wedge,CLE
78,84,2006,Joseph Elliott,Girardi,FLO
78,84,2006,Dudley Michael,Hargrove,SEA
78,84,2007,Anthony,LaRussa,SLN
78,84,2009,Johnnie B.,Baker,CIN
78,84,2013,Michael Lorri,Scioscia,LAA
78,84,2015,John Edward,Farrell,BOS
78,84,2016,Robin Mark,Ventura,CHA
78,86,2015,Robin Mark,Ventura,CHA
77,74,1911,Hugh,Duffy,CHA
77,74,1939,William Harold,Terry,NY1
77,75,1921,Wilbert,Robinson,BRO
77,75,1938,Charles Dillon,Stengel,BSN
77,76,1909,Clark Calvin,Griffith,CIN
77,76,1928,Wilbert,Robinson,BRO
77,77,1914,William Joseph,Bradley,BRF
77,77,1916,Leo Alexander,Fohl,CLE
77,77,1922,William J.,Gleason,CHA
77,77,1932,William Boyd,McKechnie,BSN
77,77,1941,James Joseph,Dykes,CHA
77,77,1944,Joseph Edward,Cronin,BOS
77,77,1952,Philip Joseph,Cavarretta,CHN
77,77,1955,Edward Mayo,Smith,PHI
77,77,1957,Edward Mayo,Smith,PHI
77,82,1967,William Clyde,Hitchcock,ATL
77,83,1961,James Joseph,Dykes,CLE
77,83,1989,Thomas Charles,Lasorda,LAN
77,84,1973,Carroll Walter,Lockman,CHN
77,84,1985,James Gottfried,Frey,CHN
77,85,1962,William Clyde,Hitchcock,BAL
77,85,1965,John Joseph,Keane,NYA
77,85,1973,Charles William,Tanner,CHA
77,85,1974,Kenneth Joseph,Aspromonte,CLE
77,85,1974,John Aloysius,McKeon,KCA
77,85,1983,Douglas Lee,Rader,TEX
77,85,1985,Jackie Spencer,Moore,OAK
77,85,1987,James Louis,Fregosi,CHA
77,85,1988,Donald William,Zimmer,CHN
77,85,1990,Donald William,Zimmer,CHN
77,85,1990,John Francis,McNamara,CLE
77,85,1990,Nicholas Tomas,Leyva,PHI
77,85,1990,James Kenneth,Lefebvre,SEA
77,85,1997,Johnny Lane,Oates,TEX
77,85,1998,John Aloysius,McKeon,CIN
77,85,1998,Don Edward,Baylor,COL
77,85,1999,David Allen,Johnson,LAN
77,85,1999,Terry Jon,Francona,PHI
77,85,2000,Anthony Joseph,Muser,KCA
77,85,2003,Michael Lorri,Scioscia,ANA
77,85,2005,Robert Paul,Melvin,ARI
77,85,2010,Kenneth Edward,Macha,MIL
77,85,2011,Terry Lee,Collins,NYN
77,85,2014,Michael Patrick,Redmond,MIA
77,85,2014,Harry Ralston,Black,SDN
77,85,2014,Joseph John,Maddon,TBA
76,73,1906,James Robert,McAleer,SLA
76,75,1932,Stanley Raymond,Harris,DET
76,76,1911,Harold Homer,Chase,NYA
76,76,1934,Stanley Raymond,Harris,BOS
76,76,1942,William Boyd,McKechnie,CIN
76,76,1953,Stanley Raymond,Harris,WS1
76,76,1957,Paul Rapier,Richards,BAL
76,77,1916,Clark Calvin,Griffith,WS1
76,77,1920,James Timothy,Burke,SLA
76,77,1957,Major Kerby,Farrell,CLE
76,78,1922,Wilbert,Robinson,BRO
76,78,1923,Wilbert,Robinson,BRO
76,78,1946,Oswald Louis,Bluege,WS1
76,78,1952,Louis,Boudreau,BOS
76,78,1956,Frederick Charles,Hutchinson,SLN
76,78,1972,Robert Granville,Lemon,KCA
76,83,1975,Francis Ralph,Quilici,MIN
76,84,1962,Michael Franklin,Higgins,BOS
76,85,1963,John Michael,Pesky,BOS
76,85,1967,Henry Albert,Bauer,BAL
76,85,1967,Gilbert Raymond,Hodges,WS2
76,85,1973,Edwin Lee,Mathews,ATL
76,85,1980,Patrick,Corrales,TEX
76,85,1990,Frank,Robinson,BAL
76,85,1998,Louis Victor,Piniella,SEA
76,85,2006,Felipe Rojas,Alou,SFN
76,86,1961,Michael Franklin,Higgins,BOS
76,86,1964,Robert Daniel,Kennedy,CHN
76,86,1968,Walter Emmons,Alston,LAN
76,86,1970,Chalmer Luman,Harris,ATL
76,86,1970,Alvin Ralph,Dark,CLE
76,86,1970,Albert Fred,Schoendienst,SLN
76,86,1971,Harold Ross,Phillips,CAL
76,86,1974,Delmar Wesley,Crandall,ML4
76,86,1976,Frank Joseph,Lucchesi,TEX
76,86,1978,Richard Hirschfeld,Williams,MON
76,86,1982,Rene George,Lachemann,SEA
76,86,1987,Harold Clifton,Lanier,HOU
76,86,1988,Dorrel Norman Elvert,Herzog,SLN
76,86,1992,Dudley Michael,Hargrove,CLE
76,86,1992,William Nathaniel,Showalter,NYA
76,86,1993,Dudley Michael,Hargrove,CLE
76,86,1996,James David,Riggleman,CHN
76,86,1997,Bruce Douglas,Bochy,SDN
76,86,2000,Bruce Douglas,Bochy,SDN
76,86,2004,David Allen,Miley,CIN
76,86,2006,Robert Paul,Melvin,ARI
76,86,2006,Clinton Merrick,Hurdle,COL
76,86,2007,Robert Peter,Geren,OAK
76,86,2010,James Bradley,Mills,HOU
76,86,2012,Harry Ralston,Black,SDN
76,86,2013,Harry Ralston,Black,SDN
76,86,2013,Bruce Douglas,Bochy,SFN
76,86,2014,Bryan Roberts,Price,CIN
76,86,2015,Lloyd Glenn,McClendon,SEA
75,73,1899,Thomas Everett,Burns,CHN
75,74,1911,Roger Philip,Bresnahan,SLN
75,76,1938,Stanley Raymond,Harris,WS1
75,77,1899,Fred Clifford,Clarke,LS3
75,78,1912,Henry M.,O'Day,CIN
75,78,1923,Owen Joseph,Bush,WS1
75,78,1927,John Charles,Hendricks,CIN
75,79,1904,Charles Augustus,Nichols,SLN
75,79,1910,Clark Calvin,Griffith,CIN
75,79,1914,Wilbert,Robinson,BRO
75,79,1920,Frederick Francis,Mitchell,CHN
75,79,1920,Wesley Branch,Rickey,SLN
75,79,1921,Hugh,Duffy,BOS
75,79,1928,Stanley Raymond,Harris,WS1
75,79,1930,Stanley Raymond,Harris,DET
75,79,1931,Jewel Winklemeyer,Ens,PIT
75,79,1940,Charles Leo,Hartnett,CHN
75,79,1941,Roger Thorpe,Peckinpaugh,CLE
75,79,1941,Delmer David,Baker,DET
75,79,1942,Louis,Boudreau,CLE
75,79,1955,George Robert,Tebbetts,CIN
75,79,1961,Daniel Edward,Murtaugh,PIT
75,79,1988,Octavio Victor,Rojas,CAL
75,80,1972,Delbert W.,Rice,CAL
75,81,1972,Albert Fred,Schoendienst,SLN
75,86,1975,Charles William,Tanner,CHA
75,86,1980,James David,Bristol,SFN
75,86,1990,John David,Wathan,KCA
75,86,1996,Robert Raymond,Boone,KCA
75,86,1999,Jerry,Manuel,CHA
75,86,1999,Anthony,LaRussa,SLN
75,86,2002,Robert John,Valentine,NYN
75,86,2008,Robert Peter,Geren,OAK
75,87,1965,William Joseph,Rigney,CAL
75,87,1967,Joseph Wilbur,Adcock,CLE
75,87,1975,Rufus James,Marshall,CHN
75,87,1975,Gene William,Mauch,MON
75,87,1976,Rufus James,Marshall,CHN
75,87,1977,Richard Hirschfeld,Williams,MON
75,87,1977,Joseph Salvatore,Altobelli,SFN
75,87,1984,Patrick,Corrales,CLE
75,87,1984,Charles William,Tanner,PIT
75,87,1985,John Frederick,Felske,PHI
75,87,1987,Gene William,Mauch,CAL
75,87,1987,Robert John,Valentine,TEX
75,87,1990,Arthur Henry,Howe,HOU
75,87,1991,Roger Lee,Craig,SFN
75,87,1992,George Lee,Anderson,DET
75,87,1993,James Richard,Leyland,PIT
75,87,1998,Terry Jon,Francona,PHI
75,87,2001,Michael Lorri,Scioscia,ANA
75,87,2003,Lloyd Glenn,McClendon,PIT
75,87,2005,Felipe Rojas,Alou,SFN
75,87,2006,Edgar Frederick,Yost,MIL
75,87,2007,Ronald,Washington,TEX
75,87,2008,Thomas Brad,Hillman,KCA
75,87,2009,Robert Peter,Geren,OAK
75,87,2009,Harry Ralston,Black,SDN
75,87,2009,Clarence Edwin,Gaston,TOR
75,87,2012,Eric Michael,Wedge,SEA
75,87,2016,Walter William,Weiss,COL
74,77,1909,George Tweedy,Stallings,NYA
74,77,1926,John Joseph,McGraw,NY1
74,78,1924,George Harold,Sisler,SLA
74,78,1935,James Joseph,Dykes,CHA
74,79,1909,William Jeremiah,Murray,PHI
74,79,1917,Clark Calvin,Griffith,WS1
74,79,1941,William Harold,Terry,NY1
74,79,1943,James,Wilson,CHN
74,79,1958,Paul Rapier,Richards,BAL
74,80,1914,Charles Sebastian,Dooin,PHI
74,80,1917,Frederick Francis,Mitchell,CHN
74,80,1936,Joseph Edward,Cronin,BOS
74,80,1936,Charles Walter,Dressen,CIN
74,80,1954,George Robert,Tebbetts,CIN
74,80,1959,Paul Rapier,Richards,BAL
74,80,1959,Robert Boden,Scheffing,CHN
74,80,1991,Derrel McKinley,Harrelson,NYN
74,86,1966,Alvin Ralph,Dark,KC1
74,86,1971,William Joseph,Rigney,MIN
74,87,1976,Ralph George,Houk,DET
74,87,2015,Bradley David,Ausmus,DET
74,88,1963,Daniel Edward,Murtaugh,PIT
74,88,1973,Delmar Wesley,Crandall,ML4
74,88,1976,William Joseph,Rigney,SFN
74,88,1977,Ralph George,Houk,DET
74,88,1978,William Charles,Virdon,HOU
74,88,1983,Russell Eugene,Nixon,CIN
74,88,1983,Stephen,Boros,OAK
74,88,1984,Anthony,LaRussa,CHA
74,88,1985,Charles Keith,Cottier,SEA
74,88,1986,Stephen,Boros,SDN
74,88,1989,James Richard,Leyland,PIT
74,88,1990,Jay Thomas,Kelly,MIN
74,88,1990,Thomas Lynn,Trebelhorn,ML4
74,88,1991,Louis Victor,Piniella,CIN
74,88,1996,Clarence Edwin,Gaston,TOR
74,88,1998,Philip Mason,Garner,MIL
74,88,1998,Arthur Henry,Howe,OAK
74,88,1999,Bruce Douglas,Bochy,SDN
74,88,2000,Dudley Michael,Hargrove,BAL
74,88,2003,Clinton Merrick,Hurdle,COL
74,88,2008,Johnnie B.,Baker,CIN
74,88,2008,Clinton Merrick,Hurdle,COL
74,88,2008,James Richard,Leyland,DET
74,88,2012,Terry Lee,Collins,NYN
74,88,2013,Walter William,Weiss,COL
74,88,2013,Ronald Jon,Roenicke,MIL
74,88,2013,Terry Lee,Collins,NYN
74,88,2013,John Michael,Gibbons,TOR
74,88,2016,Michael Lorri,Scioscia,LAA
73,79,1912,Charles Sebastian,Dooin,PHI
73,79,1933,Stanley Raymond,Harris,DET
73,80,1915,Roger Philip,Bresnahan,CHN
73,80,1937,Stanley Raymond,Harris,WS1
73,81,1908,John Henry,Ganzel,CIN
73,81,1915,Fred Clifford,Clarke,PIT
73,81,1942,Delmer David,Baker,DET
73,81,1947,John Henry,Neun,CIN
73,81,1949,Leo Ernest,Durocher,NY1
73,81,1951,Robert Abial,Rolfe,DET
73,81,1951,Edwin Milby,Sawyer,PHI
73,81,1958,Harry Francis,Craft,KC1
73,81,1960,Harry Arthur,Lavagetto,WS1
73,88,1970,Frank Joseph,Lucchesi,PHI
73,89,1963,Edmund Walter,Lopat,KC1
73,89,1967,Walter Emmons,Alston,LAN
73,89,1968,Gilbert Raymond,Hodges,NYN
73,89,1970,Gene William,Mauch,MON
73,89,1976,John Francis,McNamara,SDN
73,89,1978,Gene William,Mauch,MIN
73,89,1980,Gerald Francis,Coleman,SDN
73,89,1982,Lee Constantine,Elia,CHN
73,89,1986,Earl Sidney,Weaver,BAL
73,89,1986,Thomas Charles,Lasorda,LAN
73,89,1987,Thomas Charles,Lasorda,LAN
73,89,1989,James Kenneth,Lefebvre,SEA
73,89,1992,Clell Lavern,Hobson,BOS
73,89,1996,James Richard,Leyland,PIT
73,89,1997,Anthony,LaRussa,SLN
73,89,2000,David Earl,Lopes,MIL
73,89,2001,David Gus,Bell,COL
73,89,2007,Manuel Elias,Acta,WAS
73,89,2011,James Edwin,Tracy,COL
73,89,2012,John Edward,Farrell,TOR
73,89,2014,Robin Mark,Ventura,CHA
73,89,2014,Richard Avina,Renteria,CHN
73,89,2014,Ryne Dee,Sandberg,PHI
73,89,2016,Craig John,Counsell,MIL
72,76,1898,William Henry,Watkins,PIT
72,80,1940,William Harold,Terry,NY1
72,80,1943,James Luther,Sewell,SLA
72,81,1915,Miller James,Huggins,SLN
72,81,1917,George Tweedy,Stallings,BSN
72,81,1920,Edward Grant,Barrow,BOS
72,81,1955,Stanley Camfield,Hack,CHN
72,82,1932,Charles Evard,Street,SLN
72,82,1944,Louis,Boudreau,CLE
72,82,1944,Cornelius Alexander,Mack,PHA
72,82,1954,Edward Raymond,Stanky,SLN
72,82,1958,Robert Boden,Scheffing,CHN
72,84,1972,Kenneth Joseph,Aspromonte,CLE
72,85,1997,Clarence Edwin,Gaston,TOR
72,89,1975,Richard Hirschfeld,Williams,CAL
72,89,1986,Charles William,Tanner,ATL
72,89,1998,Anthony Joseph,Muser,KCA
72,89,2002,Lloyd Glenn,McClendon,PIT
72,89,2004,Lloyd Glenn,McClendon,PIT
72,90,1962,Henry Albert,Bauer,KC1
72,90,1966,Grady Edgebert,Hatton,HOU
72,90,1967,Ralph George,Houk,NYA
72,90,1974,Ralph George,Houk,DET
72,90,1976,Albert Fred,Schoendienst,SLN
72,90,1992,Harold Abraham,McRae,KCA
72,90,1992,Jeffrey Allen,Torborg,NYN
72,90,1992,Roger Lee,Craig,SFN
72,90,1999,James Richard,Leyland,COL
72,90,2000,Lawrence Edward,Dierker,HOU
72,90,2002,Jerry Austin,Narron,TEX
72,90,2004,Alan Stuart,Trammell,DET
72,90,2007,Oswaldo Jose,Guillen,CHA
72,90,2008,Robert Joe,Cox,ATL
72,90,2008,Bruce Douglas,Bochy,SFN
72,90,2011,Clinton Merrick,Hurdle,PIT
72,90,2012,Edgar Frederick,Yost,KCA
71,78,1905,Clark Calvin,Griffith,NYA
71,78,1906,William Reginald,Armour,DET
71,80,1892,Patrick Thomas,Powers,NY1
71,81,1910,James Thomas,McGuire,CLE
71,81,1924,Cornelius Alexander,Mack,PHA
71,81,1929,Walter Perry,Johnson,WS1
71,81,1934,Charles Dillon,Stengel,BRO
71,81,1986,George Irvin,Bamberger,ML4
71,82,1906,Hugh,Duffy,PHI
71,82,1914,Wesley Branch,Rickey,SLA
71,82,1917,William Edward,Donovan,NYA
71,82,1921,Tyrus Raymond,Cobb,DET
71,82,1926,Wilbert,Robinson,BRO
71,82,1929,Burton Edwin,Shotton,PHI
71,83,1915,Charles Lincoln,Herzog,CIN
71,83,1936,William Boyd,McKechnie,BSN
71,83,1944,James Joseph,Dykes,CHA
71,83,1945,Joseph Edward,Cronin,BOS
71,83,1949,William Adam,Meyer,PIT
71,83,1956,Edward Mayo,Smith,PHI
71,83,1958,Walter Emmons,Alston,LAN
71,83,1959,Solomon Joseph,Hemus,SLN
71,88,1966,Gilbert Raymond,Hodges,WS2
71,90,1971,Gene William,Mauch,MON
71,90,1985,George Irvin,Bamberger,ML4
71,90,1988,James Louis,Fregosi,CHA
71,91,1973,Kenneth Joseph,Aspromonte,CLE
71,91,1973,Daniel Leonard,Ozark,PHI
71,91,1974,Lawrence Peter,Berra,NYN
71,91,1975,John Francis,McNamara,SDN
71,91,1991,Carl Harrison,Merrill,NYA
71,91,1993,Robert Leroy,Rodgers,CAL
71,91,1993,Jay Thomas,Kelly,MIN
71,91,2000,Johnny Lane,Oates,TEX
71,91,2003,Dudley Michael,Hargrove,BAL
71,91,2003,William Nathaniel,Showalter,TEX
71,91,2004,Arthur Henry,Howe,NYN
71,91,2005,Alan Stuart,Trammell,DET
71,91,2005,James Edwin,Tracy,LAN
71,91,2006,Frank,Robinson,WAS
71,91,2007,Fredi Jesus,Gonzalez,FLO
71,91,2007,Bruce Douglas,Bochy,SFN
71,91,2011,Gregory Michael,Quade,CHN
71,91,2011,Edgar Frederick,Yost,KCA
71,91,2011,Harry Ralston,Black,SDN
71,91,2013,Eric Michael,Wedge,SEA
71,91,2014,John Edward,Farrell,BOS
71,91,2016,Peter,Mackanin,PHI
70,78,1907,Clark Calvin,Griffith,NYA
70,81,1898,Fred Clifford,Clarke,LS3
70,81,1917,Wilbert,Robinson,BRO
70,83,1911,Clark Calvin,Griffith,CIN
70,83,1921,Patrick Joseph,Moran,CIN
70,83,1925,David James,Bancroft,BSN
70,83,1927,Ray William,Schalk,CHA
70,83,1929,Wilbert,Robinson,BRO
70,83,1935,Charles Dillon,Stengel,BRO
70,84,1914,James Joseph,Callahan,CHA
70,84,1925,Tristram E.,Speaker,CLE
70,84,1929,Stanley Raymond,Harris,DET
70,84,1930,William Boyd,McKechnie,BSN
70,84,1941,James,Wilson,CHN
70,84,1941,Stanley Raymond,Harris,WS1
70,84,1947,Theodore Amar,Lyons,CHA
70,84,1951,James Joseph,Dykes,PHA
70,84,1953,Leo Ernest,Durocher,NY1
70,86,1972,Gene William,Mauch,MON
70,90,1964,John Michael,Pesky,BOS
70,90,1980,Anthony,LaRussa,CHA
70,91,1961,William Joseph,Rigney,LAA
70,91,1963,William Joseph,Rigney,LAA
70,91,1988,Robert John,Valentine,TEX
70,91,2004,Louis Victor,Piniella,TBA
70,92,1965,Gilbert Raymond,Hodges,WS2
70,92,1970,Theodore Samuel,Williams,WS2
70,92,1976,James David,Bristol,ATL
70,92,1983,John Francis,McNamara,CAL
70,92,1983,William Frederick,Gardner,MIN
70,92,1992,James Louis,Fregosi,PHI
70,92,1998,Jay Thomas,Kelly,MIN
70,92,2006,Samuel Benedict,Perlozzo,BAL
70,92,2009,Jerry,Manuel,NYN
70,92,2014,Ronald Clyde,Gardenhire,MIN
69,80,1938,Burleigh Arland,Grimes,BRO
69,82,1913,George Tweedy,Stallings,BSN
69,83,1907,James Robert,McAleer,SLA
69,83,1915,John Joseph,McGraw,NY1
69,83,1915,William Edward,Donovan,NYA
69,83,1923,Cornelius Alexander,Mack,PHA
69,84,1912,Hugh Ambrose,Jennings,DET
69,85,1914,Fred Clifford,Clarke,PIT
69,85,1922,Jesse Clyde,Milan,WS1
69,85,1923,William J.,Gleason,CHA
69,85,1925,Miller James,Huggins,NYA
69,85,1946,William Benjamin,Chapman,PHI
69,85,1947,Charles John,Grimm,CHN
69,85,1954,Louis,Boudreau,BOS
69,85,1956,Paul Rapier,Richards,BAL
69,85,1957,William Joseph,Rigney,NY1
69,86,1972,Charles Francis,Fox,SFN
69,90,1978,Jeffrey Allen,Torborg,CLE
69,92,1971,James David,Bristol,ML4
69,92,1984,Douglas Lee,Rader,TEX
69,92,1987,Charles William,Tanner,ATL
69,92,1989,Jeffrey Allen,Torborg,CHA
69,92,1999,Larry Alton,Parrish,DET
69,92,2000,Lawrence Lee,Rothschild,TBA
69,93,1967,Grady Edgebert,Hatton,HOU
69,93,1969,Joseph Lowell,Gordon,KCA
69,93,1978,Robert Joe,Cox,ATL
69,93,1993,Philip Mason,Garner,ML4
69,93,1998,Gene William,Lamont,PIT
69,93,1999,Lawrence Lee,Rothschild,TBA
69,93,2000,Jay Thomas,Kelly,MIN
69,93,2000,Gene William,Lamont,PIT
69,93,2005,Dudley Michael,Hargrove,SEA
69,93,2007,David Gus,Bell,KCA
69,93,2010,Manuel Elias,Acta,CLE
69,93,2010,James David,Riggleman,WAS
69,93,2011,William Nathaniel,Showalter,BAL
69,93,2012,Robert John,Valentine,BOS
69,93,2012,Oswaldo Jose,Guillen,MIA
69,93,2016,Walter William,Hale,ARI
69,93,2016,Robert Paul,Melvin,OAK
68,82,1934,Cornelius Alexander,Mack,PHA
68,84,1920,Clark Calvin,Griffith,WS1
68,84,1943,Joseph Edward,Cronin,BOS
68,85,1908,Cornelius Alexander,Mack,PHA
68,85,1910,Hugh,Duffy,CHA
68,85,1925,Wilbert,Robinson,BRO
68,85,1925,Arthur,Fletcher,PHI
68,85,1935,Charles Walter,Dressen,CIN
68,85,1939,Harold Joseph,Traynor,PIT
68,86,1928,George Joseph,Moriarty,DET
68,86,1942,James,Wilson,CHN
68,86,1946,Louis,Boudreau,CLE
68,86,1951,James Luther,Sewell,CIN
68,86,1954,Frederick Charles,Hutchinson,DET
68,93,1979,Roger Lee,Craig,SDN
68,93,2008,David Michael,Trembley,BAL
68,94,1982,Alfred Manuel,Martin,OAK
68,94,1993,Anthony,LaRussa,OAK
68,94,1996,Johnnie B.,Baker,SFN
68,94,1997,James David,Riggleman,CHN
68,94,1997,Jay Thomas,Kelly,MIN
68,94,1997,Terry Jon,Francona,PHI
68,94,1999,Felipe Rojas,Alou,MON
68,94,2001,David Earl,Lopes,MIL
68,94,2003,Eric Michael,Wedge,CLE
68,94,2003,Edgar Frederick,Yost,MIL
68,94,2004,Clinton Merrick,Hurdle,COL
68,94,2007,James Edwin,Tracy,PIT
68,94,2015,Walter William,Weiss,COL
68,94,2015,Robert Paul,Melvin,OAK
68,94,2016,Bryan Roberts,Price,CIN
68,94,2016,Andrew Mulligan,Green,SDN
68,94,2016,Kevin Forrest,Cash,TBA
67,83,1933,Lewis Albert,Fonseca,CHA
67,84,1914,George Thomas,Stovall,KCF
67,85,1908,Joseph D.,Cantillon,WS1
67,85,1934,Rogers,Hornsby,SLA
67,86,1916,Joseph Bert,Tinker,CHN
67,86,1924,Tristram E.,Speaker,CLE
67,86,1935,Stanley Raymond,Harris,WS1
67,87,1924,Leo Alexander,Fohl,BOS
67,87,1936,Charles Dillon,Stengel,BRO
67,87,1940,Fred Girard,Haney,SLA
67,87,1944,Melvin Thomas,Ott,NY1
67,87,1950,Stanley Raymond,Harris,WS1
67,87,1956,William Joseph,Rigney,NY1
67,87,1960,Frederick Charles,Hutchinson,CIN
67,94,1975,Delmar Wesley,Crandall,ML4
67,94,1984,Rene George,Lachemann,ML4
67,94,2004,Edgar Frederick,Yost,MIL
67,95,1968,William Joseph,Rigney,CAL
67,95,1971,Frank Joseph,Lucchesi,PHI
67,95,1977,Alexander Peter,Grammas,ML4
67,95,1979,Darrell Dean,Johnson,SEA
67,95,1980,Joseph Paul,Torre,NYN
67,95,1980,Robert James,Mattick,TOR
67,95,1987,Calvin Edwin,Ripken,BAL
67,95,1989,Nicholas Tomas,Leyva,PHI
67,95,1993,Don Edward,Baylor,COL
67,95,1996,James Louis,Fregosi,PHI
67,95,1999,James David,Riggleman,CHN
67,95,2000,Felipe Rojas,Alou,MON
67,95,2002,Dudley Michael,Hargrove,BAL
67,95,2004,Frank,Robinson,MON
67,95,2005,Clinton Merrick,Hurdle,COL
67,95,2005,Louis Victor,Piniella,TBA
67,95,2006,James Edwin,Tracy,PIT
67,95,2008,John William,Russell,PIT
67,95,2011,Eric Michael,Wedge,SEA
67,95,2015,Fredi Jesus,Gonzalez,ATL
66,81,1942,Frank Francis,Frisch,PIT
66,85,1910,James Robert,McAleer,WS1
66,86,1906,Patrick Joseph,Donovan,BRO
66,86,1926,David James,Bancroft,BSN
66,86,1934,Joseph Edward,Cronin,WS1
66,87,1907,Edward Hugh,Hanlon,CIN
66,87,1913,Hugh Ambrose,Jennings,DET
66,87,1927,John,McCallister,CLE
66,87,1950,James Luther,Sewell,CIN
66,88,1929,John Charles,Hendricks,CIN
66,88,1931,Burton Edwin,Shotton,PHI
66,88,1954,Stanley Raymond,Harris,WS1
66,88,1956,Robert Randall,Bragan,PIT
66,88,1959,Harry Francis,Craft,KC1
66,94,1979,Robert Joe,Cox,ATL
66,95,1966,Wesley Noreen,Westrum,NYN
66,95,1976,Alexander Peter,Grammas,ML4
66,95,2003,Arthur Henry,Howe,NYN
66,96,1963,Harry Francis,Craft,HOU
66,96,1978,Joseph Paul,Torre,NYN
66,96,2001,Robert Raymond,Boone,CIN
66,96,2001,Philip Mason,Garner,DET
66,96,2002,Bruce Douglas,Bochy,SDN
66,96,2006,Johnnie B.,Baker,CHN
66,96,2007,Joseph John,Maddon,TBA
66,96,2012,Ronald Clyde,Gardenhire,MIN
66,96,2013,Dale Curtis,Sveum,CHN
66,96,2013,Ronald Clyde,Gardenhire,MIN
66,96,2014,Walter William,Weiss,COL
65,83,1907,Patrick Joseph,Donovan,BRO
65,84,1913,William Frederick,Dahlen,BRO
65,87,1904,James Robert,McAleer,SLA
65,87,1935,Rogers,Hornsby,SLA
65,87,1939,Stanley Raymond,Harris,WS1
65,87,1940,Charles Dillon,Stengel,BSN
65,88,1927,Wilbert,Robinson,BRO
65,88,1933,Max George,Carey,BRO
65,89,1916,James Joseph,Callahan,PIT
65,89,1922,Cornelius Alexander,Mack,PHA
65,89,1924,Wesley Branch,Rickey,SLN
65,89,1944,Robert Hunter,Coleman,BSN
65,89,1953,Philip Joseph,Cavarretta,CHN
65,91,2012,Manuel Elias,Acta,CLE
65,95,1980,James Louis,Fregosi,CAL
65,96,1968,James Robert,Lemon,WS2
65,97,1965,Chalmer Luman,Harris,HOU
65,97,1970,James David,Bristol,ML4
65,97,1982,George Irvin,Bamberger,NYN
65,97,1987,Lawrence Robert,Bowa,SDN
65,97,1991,Arthur Henry,Howe,HOU
65,97,1997,Arthur Henry,Howe,OAK
65,97,1998,William Nathaniel,Showalter,ARI
65,97,1998,Felipe Rojas,Alou,MON
65,97,2000,Don Edward,Baylor,CHN
65,97,2000,Terry Jon,Francona,PHI
65,97,2001,Anthony Joseph,Muser,KCA
65,97,2009,Eric Michael,Wedge,CLE
65,97,2009,Thomas Brad,Hillman,KCA
64,86,1911,William Frederick,Dahlen,BRO
64,86,1946,William Boyd,McKechnie,CIN
64,87,1905,Garland,Stahl,WS1
64,87,1906,Edward Hugh,Hanlon,CIN
64,89,1913,Joseph Bert,Tinker,CIN
64,89,1935,James,Wilson,PHI
64,89,1950,Frank Francis,Frisch,CHN
64,90,1910,William Frederick,Dahlen,BRO
64,90,1911,James Robert,McAleer,WS1
64,90,1930,William,Killefer,SLA
64,90,1931,William Boyd,McKechnie,BSN
64,90,1940,Stanley Raymond,Harris,WS1
64,90,1941,Cornelius Alexander,Mack,PHA
64,90,1944,Oswald Louis,Bluege,WS1
64,90,1947,Oswald Louis,Bluege,WS1
64,90,1948,Charles John,Grimm,CHN
64,90,1951,William Adam,Meyer,PIT
64,90,1954,Stanley Camfield,Hack,CHN
64,90,1959,Edwin Milby,Sawyer,PHI
64,96,1962,Harry Francis,Craft,HOU
64,97,1976,Paul Rapier,Richards,CHA
64,97,1999,Anthony Joseph,Muser,KCA
64,98,1969,Joseph Charles,Schultz,SE1
64,98,1977,Darrell Dean,Johnson,SEA
64,98,1986,James Richard,Leyland,PIT
64,98,1992,William Francis,Plummer,SEA
64,98,1993,Rene George,Lachemann,FLO
64,98,1999,John,Boles,FLO
64,98,2003,Bruce Douglas,Bochy,SDN
64,98,2009,David Michael,Trembley,BAL
64,98,2012,James Edwin,Tracy,COL
64,98,2015,Bryan Roberts,Price,CIN
63,88,1939,Charles Dillon,Stengel,BSN
63,90,1910,Roger Philip,Bresnahan,SLN
63,90,1912,Roger Philip,Bresnahan,SLN
63,91,1908,Joseph James,Kelley,BSN
63,91,1915,Wesley Branch,Rickey,SLA
63,91,1931,William,Killefer,SLA
63,91,1932,William,Killefer,SLA
63,91,1944,Leo Ernest,Durocher,BRO
63,91,1949,John James,Onslow,CHA
63,91,1955,Louis,Boudreau,KC1
63,91,1959,Harry Arthur,Lavagetto,WS1
63,96,1971,Theodore Samuel,Williams,WS2
63,96,2014,Kirk Harold,Gibson,ARI
63,97,1989,Russell Eugene,Nixon,ATL
63,97,1999,Jay Thomas,Kelly,MIN
63,98,2001,Dudley Michael,Hargrove,BAL
63,99,1970,Preston,Gomez,SDN
63,99,1979,Joseph Paul,Torre,NYN
63,99,1992,Thomas Charles,Lasorda,LAN
63,99,1998,Lawrence Lee,Rothschild,TBA
63,99,2003,Louis Victor,Piniella,TBA
63,99,2004,Robert Paul,Melvin,SEA
63,99,2008,Harry Ralston,Black,SDN
63,99,2011,Ronald Clyde,Gardenhire,MIN
63,99,2013,Robin Mark,Ventura,CHA
62,89,1942,Stanley Raymond,Harris,WS1
62,89,1946,Frank Francis,Frisch,PIT
62,90,1920,George Tweedy,Stallings,BSN
62,90,1931,John Francis,Collins,BOS
62,91,1920,Clifford Carlton,Cravath,PHI
62,91,1937,Burleigh Arland,Grimes,BRO
62,92,1921,William J.,Gleason,CHA
62,92,1926,George Harold,Sisler,SLA
62,92,1928,Roger Thorpe,Peckinpaugh,CLE
62,92,1930,Owen Joseph,Bush,CHA
62,92,1941,Charles Dillon,Stengel,BSN
62,92,1947,William Benjamin,Chapman,PHI
62,92,1951,Stanley Raymond,Harris,WS1
62,92,1957,Robert Boden,Scheffing,CHN
62,99,1969,Alvin Ralph,Dark,CLE
62,99,2009,John William,Russell,PIT
62,100,1964,Gilbert Raymond,Hodges,WS2
62,100,1965,William Jennings Bryan,Herman,BOS
62,100,2001,Lloyd Glenn,McClendon,PIT
62,100,2006,David Gus,Bell,KCA
62,100,2013,Michael Patrick,Redmond,MIA
61,89,1909,James Robert,McAleer,SLA
61,90,1949,William Henry,Walters,CIN
61,91,1923,Frank Leroy,Chance,BOS
61,92,1937,James,Wilson,PHI
61,92,1944,Fred Landis,Fitzsimmons,PHI
61,92,1947,William Jennings Bryan,Herman,PIT
61,93,1920,Hugh Ambrose,Jennings,DET
61,93,1922,Hugh,Duffy,BOS
61,93,1931,Stanley Raymond,Harris,DET
61,93,1945,William Boyd,McKechnie,CIN
61,93,1946,Melvin Thomas,Ott,NY1
61,93,1958,Harry Arthur,Lavagetto,WS1
61,100,1961,James Barton,Vernon,WS2
61,100,1971,Preston,Gomez,SDN
61,101,1993,James David,Riggleman,SDN
61,101,2006,Joseph John,Maddon,TBA
61,101,2012,Dale Curtis,Sveum,CHN
60,92,1933,Burton Edwin,Shotton,PHI
60,92,1988,Lee Constantine,Elia,PHI
60,93,1916,Miller James,Huggins,SLN
60,94,1914,Charles Lincoln,Herzog,CIN
60,94,1927,David James,Bancroft,BSN
60,94,1932,Daniel Philip,Howley,CIN
60,94,1953,Frederick Charles,Hutchinson,DET
60,94,1955,Fred Girard,Haney,PIT
60,94,1956,Stanley Camfield,Hack,CHN
60,101,1962,James Barton,Vernon,WS2
60,102,1973,Donald William,Zimmer,SDN
60,102,1974,John Francis,McNamara,SDN
60,102,1982,William Frederick,Gardner,MIN
60,102,1985,Patrick,Corrales,CLE
59,93,1929,Russell Aubrey,Blackburne,CHA
59,94,1927,Daniel Philip,Howley,SLA
59,94,1948,James Wren,Taylor,SLA
59,95,1930,Daniel Philip,Howley,CIN
59,95,1947,Herold Dominic,Ruel,SLA
59,95,1953,James Joseph,Dykes,PHA
59,95,1956,Charles Walter,Dressen,WS1
59,102,1978,Roy Thomas,Hartsfield,TOR
59,102,2008,Manuel Elias,Acta,WAS
59,103,1966,Leo Ernest,Durocher,CHN
59,103,1989,George Lee,Anderson,DET
59,103,2016,Paul Leo,Molitor,MIN
58,90,1907,Frederick,Tenney,BSN
58,93,1926,Arthur,Fletcher,PHI
58,94,1933,Owen Joseph,Bush,CIN
58,94,1960,Gene William,Mauch,PHI
58,95,1912,William Frederick,Dahlen,BRO
58,96,1929,William Francis,Carrigan,BOS
58,96,1931,Daniel Philip,Howley,CIN
58,96,1950,James Wren,Taylor,SLA
58,96,1960,Robert Irving,Elliott,KC1
58,104,2004,Antonio Francesco,Pena,KCA
57,94,1913,Frank Leroy,Chance,NYA
57,94,1967,Wesley Noreen,Westrum,NYN
57,95,1936,Rogers,Hornsby,SLA
57,96,1922,Irvin Key,Wilhelm,PHI
57,96,1928,William Francis,Carrigan,BOS
57,96,1950,William Adam,Meyer,PIT
57,97,1917,Fielder Allison,Jones,SLA
57,97,1955,Paul Rapier,Richards,BAL
57,102,1975,Ralph George,Houk,DET
57,104,1985,Charles William,Tanner,PIT
57,105,2010,John William,Russell,PIT
56,97,1904,Edward Hugh,Hanlon,BRO
56,97,1931,Owen Joseph,Bush,CHA
56,97,1948,Joseph Anthony,Kuhel,WS1
56,98,1929,Emil Edwin,Fuchs,BSN
56,104,1978,Darrell Dean,Johnson,SEA
56,106,2011,James Bradley,Mills,HOU
55,95,1906,Garland,Stahl,WS1
55,96,1924,Arthur,Fletcher,PHI
55,98,1904,Albert C.,Buckenberger,BSN
55,98,1909,Harry Garfield,Lumley,BRO
55,98,1917,Cornelius Alexander,Mack,PHA
55,98,1943,Melvin Thomas,Ott,NY1
55,99,1942,Cornelius Alexander,Mack,PHA
55,100,2002,Luis Bienvenido,Pujols,DET
55,106,2002,Harold Abraham,McRae,TBA
54,98,1899,Arthur Albert,Irwin,WAS
54,98,1909,Roger Philip,Bresnahan,SLN
54,99,1905,James Robert,McAleer,SLA
54,100,1923,Frederick Francis,Mitchell,BSN
54,100,1936,James,Wilson,PHI
54,100,1940,Cornelius Alexander,Mack,PHA
54,100,1953,Martin Whiteford,Marion,SLA
54,100,1954,James Joseph,Dykes,BAL
54,100,1972,Theodore Samuel,Williams,TEX
54,101,1988,Frank,Robinson,BAL
54,107,1977,Roy Thomas,Hartsfield,TOR
54,108,1979,Rufus James,Marshall,OAK
54,108,1998,James Richard,Leyland,FLO
53,99,1938,Cornelius Alexander,Mack,PHA
53,100,1910,Frederick Lovett,Lake,BSN
53,100,1921,Cornelius Alexander,Mack,PHA
53,100,1922,Frederick Francis,Mitchell,BSN
53,100,1924,David James,Bancroft,BSN
53,100,1936,Cornelius Alexander,Mack,PHA
53,101,1908,Patrick Joseph,Donovan,BRO
53,101,1949,James Wren,Taylor,SLA
53,101,1954,Fred Girard,Haney,PIT
53,101,1955,Charles Walter,Dressen,WS1
53,109,1964,Charles Dillon,Stengel,NYN
53,109,1979,Roy Thomas,Hartsfield,TOR
53,109,1996,David Gus,Bell,DET
52,98,1906,John James,McCloskey,SLN
52,98,1945,Cornelius Alexander,Mack,PHA
52,100,1904,Hugh,Duffy,PHI
52,101,1907,John James,McCloskey,SLN
52,101,1912,John,Kling,BSN
52,102,1930,Charles F.,Wagner,BOS
52,102,1930,Burton Edwin,Shotton,PHI
52,102,1950,Cornelius Alexander,Mack,PHA
52,102,1951,James Wren,Taylor,SLA
52,102,1956,Louis,Boudreau,KC1
52,110,1969,Gene William,Mauch,MON
52,110,1969,Preston,Gomez,SDN
51,99,1913,Miller James,Huggins,SLN
51,101,1948,Theodore Amar,Lyons,CHA
51,102,1914,Joseph Leo,Birmingham,CLE
51,103,1905,Frederick,Tenney,BSN
51,103,1927,William Francis,Carrigan,BOS
51,103,1927,John Phalen,McInnis,PHI
51,103,1954,Edwin David,Joost,PHA
51,111,1963,Charles Dillon,Stengel,NYN
51,111,2013,Marquis Donnell,Porter,HOU
50,102,1912,Harry Sterling,Wolverton,NYA
50,103,1940,James Thompson,Prothro,PHI
50,104,1923,Arthur,Fletcher,PHI
50,104,1949,Joseph Anthony,Kuhel,WS1
50,104,1953,Fred Girard,Haney,PIT
49,102,1906,Frederick,Tenney,BSN
49,102,1907,Joseph D.,Cantillon,WS1
49,102,1932,Lewis Albert,Fonseca,CHA
49,105,1908,John James,McCloskey,SLN
49,105,1943,Cornelius Alexander,Mack,PHA
49,105,1946,Cornelius Alexander,Mack,PHA
48,104,1905,Edward Hugh,Hanlon,BRO
48,106,1920,Cornelius Alexander,Mack,PHA
47,105,1925,Leo Alexander,Fohl,BOS
47,107,1910,John Joseph,O'Connor,SLA
47,107,1915,Franz Otto,Knabe,BLF
47,107,1961,Gene William,Mauch,PHI
46,107,1926,Leo Alexander,Fohl,BOS
45,106,1939,James Thompson,Prothro,PHI
45,107,1911,Roderick John,Wallace,SLA
44,107,1911,Frederick,Tenney,BSN
43,109,1915,Cornelius Alexander,Mack,PHA
43,109,1928,Burton Edwin,Shotton,PHI
43,111,1939,Fred Girard,Haney,SLA
43,111,1941,James Thompson,Prothro,PHI
43,119,2003,Alan Stuart,Trammell,DET
42,109,1942,John Bernard,Lobert,PHI
42,110,1909,Joseph D.,Cantillon,WS1
42,112,1952,William Adam,Meyer,PIT
40,120,1962,Charles Dillon,Stengel,NYN
39,111,1898,Timothy Carroll,Hurst,SLN
38,115,1935,William Boyd,McKechnie,BSN
36,117,1916,Cornelius Alexander,Mack,PHA
